k,wavelet_degree,tao,batchsize,AUC,AUPR,f1,lr
5,2,0.1,64,0.769586753614734,0.6792155208334572,0.5987124463519313,0.1
5,2,0.1,64,0.54538991207967,0.5157150990828829,0.34120171673819744,0.01
5,2,0.1,64,0.5285975457310721,0.5087556583284628,0.3497854077253219,0.001
5,2,0.1,64,0.7955123130130421,0.7008442551387892,0.6244635193133047,0.0001
5,2,0.1,128,0.639826138589108,0.6006316124763545,0.4871244635193133,0.1
5,2,0.1,128,0.543837764073503,0.5193840449567214,0.3648068669527897,0.01
5,2,0.1,128,0.5319883120130005,0.5182196624035429,0.34763948497854075,0.001
5,2,0.1,128,0.7805793991416309,0.6904772328819886,0.6072961373390557,0.0001
5,2,0.1,256,0.9065429809575398,0.8605411787881593,0.7660944206008585,0.1
5,2,0.1,256,0.5088649527063627,0.5045444952000561,0.3283261802575107,0.01
5,2,0.1,256,0.5154016834034751,0.5166072109507194,0.351931330472103,0.001
5,2,0.1,256,0.7816523605150214,0.6902241115674632,0.6115879828326181,0.0001
5,2,0.1,512,0.7885953581399225,0.6879770600983084,0.6266094420600858,0.1
5,2,0.1,512,0.5322904079336639,0.5122233305034749,0.34120171673819744,0.01
5,2,0.1,512,0.6489775615650653,0.5951734993414827,0.4957081545064378,0.001
5,2,0.1,512,0.7895459185799408,0.6969802095646422,0.6137339055793991,0.0001
5,2,0.3,64,0.7184049335388976,0.6036780479200815,0.6051502145922747,0.1
5,2,0.3,64,0.5224045793574732,0.5086574801906727,0.315450643776824,0.01
5,2,0.3,64,0.5450409392058002,0.5187435751065207,0.34549356223175964,0.001
5,2,0.3,64,0.7278740780865869,0.6473654314375654,0.5600858369098712,0.0001
5,2,0.3,128,0.7685372307179467,0.6773487392677096,0.6008583690987125,0.1
5,2,0.3,128,0.5355483561815075,0.5010789119614942,0.3540772532188841,0.01
5,2,0.3,128,0.527748552023001,0.5200358895368806,0.3626609442060086,0.001
5,2,0.3,128,0.7822226967790324,0.6905916082962043,0.6115879828326181,0.0001
5,2,0.3,256,0.7725087503645985,0.6816352489947535,0.6051502145922747,0.1
5,2,0.3,256,0.5240869411225468,0.5063763270711388,0.33261802575107297,0.01
5,2,0.3,256,0.5456060669194549,0.5313326054891735,0.3905579399141631,0.001
5,2,0.3,256,0.7912725530230427,0.6986384760841389,0.6180257510729614,0.0001
5,2,0.3,512,0.767854910621276,0.6940378138618274,0.6030042918454935,0.1
5,2,0.3,512,0.5453586607775325,0.5171221199618612,0.3369098712446352,0.01
5,2,0.3,512,0.6739525605233552,0.616138281035313,0.5321888412017167,0.001
5,2,0.3,512,0.7858452435518147,0.6941156785768209,0.6158798283261803,0.0001
5,2,0.5,64,0.686338493270553,0.5564098129039122,0.5472103004291845,0.1
5,2,0.5,64,0.5470071669652902,0.5223105507362711,0.371244635193133,0.01
5,2,0.5,64,0.5514708946206093,0.5240021318622019,0.3540772532188841,0.001
5,2,0.5,64,0.7097978040751699,0.6413128750321956,0.555793991416309,0.0001
5,2,0.5,128,0.6225077086545273,0.5402646744652481,0.47639484978540775,0.1
5,2,0.5,128,0.5477129255385641,0.5083120794592573,0.3583690987124464,0.01
5,2,0.5,128,0.5227249052043834,0.5137413703019795,0.3540772532188841,0.001
5,2,0.5,128,0.7824388516188174,0.690426059725274,0.6115879828326181,0.0001
5,2,0.5,256,0.6142495520646694,0.4638880626871224,0.45278969957081544,0.1
5,2,0.5,256,0.5073075961498396,0.4992307473533292,0.33476394849785407,0.01
5,2,0.5,256,0.5457519063294303,0.5353218373579356,0.3969957081545064,0.001
5,2,0.5,256,0.7858452435518146,0.6937874745799919,0.6115879828326181,0.0001
5,2,0.5,512,0.7118603900162508,0.6182234696040141,0.5515021459227468,0.1
5,2,0.5,512,0.526706841951748,0.5142892292082748,0.3497854077253219,0.01
5,2,0.5,512,0.6688768282011751,0.612320259611109,0.5257510729613734,0.001
5,2,0.5,512,0.7826966748614526,0.6913369224075243,0.6094420600858369,0.0001
5,2,0.7,64,0.5489968332013834,0.4252718458551589,0.3605150214592274,0.1
5,2,0.7,64,0.5409392058002417,0.5173398753449046,0.33905579399141633,0.01
5,2,0.7,64,0.5555023125963582,0.5152234192297921,0.3626609442060086,0.001
5,2,0.7,64,0.7730999208300344,0.6832373120567619,0.5987124463519313,0.0001
5,2,0.7,128,0.594319034126422,0.48226386689938494,0.44206008583690987,0.1
5,2,0.7,128,0.5417803866827784,0.5206575710519064,0.38412017167381973,0.01
5,2,0.7,128,0.5395120630026251,0.5192906268573958,0.3626609442060086,0.001
5,2,0.7,128,0.7800689612067168,0.6886042204267544,0.6051502145922747,0.0001
5,2,0.7,256,0.7866838201591734,0.7275149612715233,0.6566523605150214,0.1
5,2,0.7,256,0.5357384682695112,0.5104309593684326,0.33047210300429186,0.01
5,2,0.7,256,0.511682778449102,0.5097671705423268,0.3497854077253219,0.001
5,2,0.7,256,0.7871395683153465,0.6954109904954415,0.6158798283261803,0.0001
5,2,0.7,512,0.6652256344014333,0.5847719083458348,0.5214592274678111,0.1
5,2,0.7,512,0.5147349889578733,0.5002575916668236,0.30472103004291845,0.01
5,2,0.7,512,0.6579362681778407,0.6050374038526356,0.5021459227467812,0.001
5,2,0.7,512,0.7808736822367599,0.6903492095990502,0.6072961373390557,0.0001
5,2,1.0,64,0.5603306387766157,0.4360199266406771,0.43776824034334766,0.1
5,2,1.0,64,0.5378609525396892,0.5151657710630717,0.33047210300429186,0.01
5,2,1.0,64,0.5549059335805658,0.5231362804933508,0.371244635193133,0.001
5,2,1.0,64,0.7557580524188507,0.6676335568535254,0.5858369098712446,0.0001
5,2,1.0,128,0.6458263885995249,0.5251309854598003,0.4978540772532189,0.1
5,2,1.0,128,0.5324909371223802,0.5124406354684077,0.351931330472103,0.01
5,2,1.0,128,0.5037189049543731,0.5080164565330006,0.3540772532188841,0.001
5,2,1.0,128,0.7789230801283388,0.6884147125073116,0.6072961373390557,0.0001
5,2,1.0,256,0.6546496729030375,0.5860970303075934,0.49141630901287553,0.1
5,2,1.0,256,0.5299335388974541,0.5080946676544311,0.3283261802575107,0.01
5,2,1.0,256,0.5075966706946123,0.5155463519450529,0.3605150214592274,0.001
5,2,1.0,256,0.7834753531397143,0.6924633031201571,0.6115879828326181,0.0001
5,2,1.0,512,0.8306231509646236,0.7312681493592196,0.6609442060085837,0.1
5,2,1.0,512,0.5201466727780324,0.5012515782549584,0.3197424892703863,0.01
5,2,1.0,512,0.6508265969415392,0.6004546185838255,0.5,0.001
5,2,1.0,512,0.7880901287553649,0.6960270037239575,0.6158798283261803,0.0001
10,2,0.1,64,0.8030100212508854,0.7491748351803151,0.6866952789699571,0.1
10,2,0.1,64,0.5264802700112505,0.5154385476070948,0.3583690987124464,0.01
10,2,0.1,64,0.5264464144339348,0.5042922074003756,0.3218884120171674,0.001
10,2,0.1,64,0.7214076628192841,0.6445934171566301,0.5579399141630901,0.0001
10,2,0.1,128,0.7772641568398684,0.6884974528231189,0.6673819742489271,0.1
10,2,0.1,128,0.5242770532105505,0.5101735169143051,0.33905579399141633,0.01
10,2,0.1,128,0.5230165840243344,0.5147251711871985,0.3626609442060086,0.001
10,2,0.1,128,0.7801132338847452,0.6889132025966235,0.6094420600858369,0.0001
10,2,0.1,256,0.6515740239176632,0.5026298732631544,0.5064377682403434,0.1
10,2,0.1,256,0.5052580315846493,0.5006084316356157,0.33261802575107297,0.01
10,2,0.1,256,0.468631505479395,0.4985724031917641,0.3283261802575107,0.001
10,2,0.1,256,0.7821497770740448,0.6911334163855962,0.6115879828326181,0.0001
10,2,0.1,512,0.7928220967540315,0.6935369874266875,0.6180257510729614,0.1
10,2,0.1,512,0.4939841243385141,0.49779782818109863,0.3111587982832618,0.01
10,2,0.1,512,0.6504437684903538,0.5975566501791895,0.4892703862660944,0.001
10,2,0.1,512,0.7852019875828159,0.6930162607672171,0.6137339055793991,0.0001
10,2,0.3,64,0.6536991124630193,0.5295242958877314,0.47639484978540775,0.1
10,2,0.3,64,0.5314700612525523,0.5148809167423108,0.34549356223175964,0.01
10,2,0.3,64,0.5342852827201133,0.5032338403914085,0.33261802575107297,0.001
10,2,0.3,64,0.7915199591649653,0.697047427765496,0.630901287553648,0.0001
10,2,0.3,128,0.5845321680070004,0.47609713676676846,0.4163090128755364,0.1
10,2,0.3,128,0.5439393308054503,0.5178380083371222,0.3497854077253219,0.01
10,2,0.3,128,0.5166673611400474,0.5111164561465837,0.34120171673819744,0.001
10,2,0.3,128,0.7850014583940996,0.6933984290048386,0.6137339055793991,0.0001
10,2,0.3,256,0.45965456894037254,0.43465794122256723,0.38412017167381973,0.1
10,2,0.3,256,0.5303345972748865,0.5047361633699681,0.3111587982832618,0.01
10,2,0.3,256,0.49261167131963834,0.5058680503777842,0.33905579399141633,0.001
10,2,0.3,256,0.7866473603066795,0.6945814649334842,0.6115879828326181,0.0001
10,2,0.3,512,0.7878817867411143,0.687752178081091,0.6115879828326181,0.1
10,2,0.3,512,0.5312617192383016,0.5119105058389446,0.36909871244635195,0.01
10,2,0.3,512,0.6644964373515563,0.6094013506568734,0.5236051502145923,0.001
10,2,0.3,512,0.781917996583191,0.6907774849445358,0.6072961373390557,0.0001
10,2,0.5,64,0.69890672528022,0.5292193228838157,0.5515021459227468,0.1
10,2,0.5,64,0.5426033376390683,0.5166789246167087,0.33905579399141633,0.01
10,2,0.5,64,0.5345274803116796,0.5058313976207084,0.33047210300429186,0.001
10,2,0.5,64,0.7293272636359849,0.6509065000091088,0.5708154506437768,0.0001
10,2,0.5,128,0.6322216550689612,0.5148929576910101,0.48068669527896996,0.1
10,2,0.5,128,0.5443560148339515,0.5229033410887065,0.3798283261802575,0.01
10,2,0.5,128,0.5375458352431352,0.5197126693659162,0.3497854077253219,0.001
10,2,0.5,128,0.782152381349223,0.6903571775544307,0.6072961373390557,0.0001
10,2,0.5,256,0.8393422642610109,0.7320655253154028,0.6802575107296137,0.1
10,2,0.5,256,0.4960571273803075,0.49857655124895983,0.3261802575107296,0.01
10,2,0.5,256,0.4973358264927705,0.5103238546871243,0.34334763948497854,0.001
10,2,0.5,256,0.7841342347597816,0.6927096089513238,0.6115879828326181,0.0001
10,2,0.5,512,0.782899808325347,0.6770838236975489,0.6115879828326181,0.1
10,2,0.5,512,0.5111332763865162,0.5049426155933018,0.33261802575107297,0.01
10,2,0.5,512,0.6797001958414934,0.6211162123558245,0.5364806866952789,0.001
10,2,0.5,512,0.7919704987707822,0.6992555491763945,0.6201716738197425,0.0001
10,2,0.7,64,0.7482759698320763,0.6431158228251171,0.5836909871244635,0.1
10,2,0.7,64,0.5392672611358806,0.5167996612138219,0.3497854077253219,0.01
10,2,0.7,64,0.5331446101920914,0.5044366352174156,0.3261802575107296,0.001
10,2,0.7,64,0.7227384474353098,0.6459289100003033,0.5579399141630901,0.0001
10,2,0.7,128,0.5481921121713406,0.45933073007587577,0.39914163090128757,0.1
10,2,0.7,128,0.5294074753114714,0.5127884225129764,0.33476394849785407,0.01
10,2,0.7,128,0.5255192924705196,0.5118862806772714,0.34120171673819744,0.001
10,2,0.7,128,0.7898402016750697,0.6983962542323972,0.6180257510729614,0.0001
10,2,0.7,256,0.5289361015042293,0.5141770275488492,0.39270386266094426,0.1
10,2,0.7,256,0.5261469227884494,0.5144973431367279,0.3197424892703863,0.01
10,2,0.7,256,0.49058554523105125,0.5059239921474168,0.34763948497854075,0.001
10,2,0.7,256,0.780660131672153,0.6889724003328537,0.6115879828326181,0.0001
10,2,0.7,512,0.7312752614692278,0.6151107253020076,0.5429184549356223,0.1
10,2,0.7,512,0.5156985707737822,0.5019438589301018,0.3240343347639485,0.01
10,2,0.7,512,0.6483134713946415,0.5979846605116713,0.5,0.001
10,2,0.7,512,0.7905850243760157,0.6982583987477943,0.6180257510729614,0.0001
10,2,1.0,64,0.7106311721321722,0.5511268061088355,0.5150214592274678,0.1
10,2,1.0,64,0.5573930163756823,0.5237092004559815,0.3648068669527897,0.01
10,2,1.0,64,0.5106931538814117,0.5032256385019009,0.3369098712446352,0.001
10,2,1.0,64,0.7813945372723863,0.6909833327278125,0.6115879828326181,0.0001
10,2,1.0,128,0.7852176132338847,0.6882271449924258,0.6094420600858369,0.1
10,2,1.0,128,0.5342722613442227,0.5147716211498529,0.34334763948497854,0.01
10,2,1.0,128,0.5084743114296428,0.5101132289222262,0.34763948497854075,0.001
10,2,1.0,128,0.7858947247801993,0.6935684486280063,0.6137339055793991,0.0001
10,2,1.0,256,0.7034668111171298,0.5725620408153124,0.5257510729613734,0.1
10,2,1.0,256,0.5467831992999708,0.5194346386485255,0.34549356223175964,0.01
10,2,1.0,256,0.4844811242135089,0.5040924504229863,0.33905579399141633,0.001
10,2,1.0,256,0.7899131213800574,0.6968165814251747,0.6158798283261803,0.0001
10,2,1.0,512,0.7663652652193841,0.6782418410578793,0.6030042918454935,0.1
10,2,1.0,512,0.5129666861119213,0.5005897688692598,0.34120171673819744,0.01
10,2,1.0,512,0.6761062960956706,0.6162947361438547,0.5300429184549357,0.001
10,2,1.0,512,0.7887359889995417,0.6960205421151738,0.6137339055793991,0.0001
15,2,0.1,64,0.7494635193133047,0.6170959373639315,0.592274678111588,0.1
15,2,0.1,64,0.5126619859160799,0.5012562781016874,0.33261802575107297,0.01
15,2,0.1,64,0.5321914454768949,0.5134078158799578,0.33905579399141633,0.001
15,2,0.1,64,0.7893584107671152,0.6957533226886665,0.6223175965665236,0.0001
15,2,0.1,128,0.5832508646193592,0.4610028334532506,0.39270386266094426,0.1
15,2,0.1,128,0.5232223217634068,0.5041878168566567,0.3283261802575107,0.01
15,2,0.1,128,0.5078961623400975,0.5057542111966099,0.3261802575107296,0.001
15,2,0.1,128,0.7828477228217843,0.691363583460915,0.6115879828326181,0.0001
15,2,0.1,256,0.6594024751031293,0.5939235524874378,0.49141630901287553,0.1
15,2,0.1,256,0.5167064252677195,0.5035167957396137,0.30686695278969955,0.01
15,2,0.1,256,0.49477582399266634,0.5114748064553634,0.33905579399141633,0.001
15,2,0.1,256,0.7863400558356599,0.6941607711156643,0.6115879828326181,0.0001
15,2,0.1,512,0.792340305846077,0.696325666015898,0.6158798283261803,0.1
15,2,0.1,512,0.53772032168007,0.5134904655625592,0.3261802575107296,0.01
15,2,0.1,512,0.7050554189757906,0.6351316515788613,0.5472103004291845,0.001
15,2,0.1,512,0.7852071961331721,0.6935511117506916,0.6158798283261803,0.0001
15,2,0.3,64,0.6951149006208592,0.6033574479935855,0.5021459227467812,0.1
15,2,0.3,64,0.5361733822242594,0.5145610803536999,0.34334763948497854,0.01
15,2,0.3,64,0.533806096087337,0.49172713465882867,0.34334763948497854,0.001
15,2,0.3,64,0.7649589566231926,0.6760044572058739,0.5944206008583691,0.0001
15,2,0.3,128,0.5024506229426225,0.39655872173825313,0.351931330472103,0.1
15,2,0.3,128,0.5456190882953456,0.5152327955597777,0.351931330472103,0.01
15,2,0.3,128,0.5095628984541023,0.5082137342466565,0.34334763948497854,0.001
15,2,0.3,128,0.7854493937247387,0.693836565109656,0.6137339055793991,0.0001
15,2,0.3,256,0.7156912788032834,0.6353301247391651,0.5257510729613734,0.1
15,2,0.3,256,0.5289777699070795,0.5093375260352944,0.3240343347639485,0.01
15,2,0.3,256,0.4871713404725197,0.5065167388104932,0.3497854077253219,0.001
15,2,0.3,256,0.7871577982415935,0.695069795262147,0.6137339055793991,0.0001
15,2,0.3,512,0.7816393391391309,0.6910764050935362,0.6072961373390557,0.1
15,2,0.3,512,0.48120755031459644,0.49052360512142673,0.31759656652360513,0.01
15,2,0.3,512,0.6608504521021709,0.6079528264408545,0.51931330472103,0.001
15,2,0.3,512,0.7851004208508688,0.6936812318123317,0.6158798283261803,0.0001
15,2,0.5,64,0.7021073794741447,0.568005784097916,0.5493562231759657,0.1
15,2,0.5,64,0.5450070836284846,0.5219201343988795,0.3497854077253219,0.01
15,2,0.5,64,0.5203914746447769,0.5149749103575478,0.34120171673819744,0.001
15,2,0.5,64,0.7944159131630484,0.7029194002402096,0.6244635193133047,0.0001
15,2,0.5,128,0.743491916329847,0.6502670852439705,0.628755364806867,0.1
15,2,0.5,128,0.5373791616317347,0.5144709825065563,0.3540772532188841,0.01
15,2,0.5,128,0.5332774282261761,0.5160140587491103,0.34763948497854075,0.001
15,2,0.5,128,0.7849519771657153,0.6932288760117044,0.6115879828326181,0.0001
15,2,0.5,256,0.45309960831701324,0.47215154140216903,0.315450643776824,0.1
15,2,0.5,256,0.5460149381224217,0.5192923073490834,0.3497854077253219,0.01
15,2,0.5,256,0.4871062335930664,0.5069870099230067,0.3562231759656652,0.001
15,2,0.5,256,0.7927517813242219,0.6996216878525906,0.6180257510729614,0.0001
15,2,0.5,512,0.7926762573440559,0.6941133014437938,0.6201716738197425,0.1
15,2,0.5,512,0.5073023875994833,0.48915325496777284,0.3111587982832618,0.01
15,2,0.5,512,0.6535194174757282,0.6027639161992913,0.5042918454935622,0.001
15,2,0.5,512,0.78599108296179,0.694055116484669,0.6115879828326181,0.0001
15,2,0.7,64,0.8146315992333014,0.7438188794986236,0.6566523605150214,0.1
15,2,0.7,64,0.5248760365015209,0.513715935328392,0.3261802575107296,0.01
15,2,0.7,64,0.5404183507646152,0.5107520515333261,0.3562231759656652,0.001
15,2,0.7,64,0.7431872161340055,0.6603064159858245,0.5793991416309013,0.0001
15,2,0.7,128,0.5773443685153548,0.4847207917315955,0.44849785407725323,0.1
15,2,0.7,128,0.547809283720155,0.5215548614505559,0.3562231759656652,0.01
15,2,0.7,128,0.5522756156506521,0.5230025190724324,0.3648068669527897,0.001
15,2,0.7,128,0.7831472144672694,0.6914498416581447,0.6115879828326181,0.0001
15,2,0.7,256,0.6942997624901037,0.625490232612243,0.5021459227467812,0.1
15,2,0.7,256,0.514807908662861,0.501938167183151,0.33261802575107297,0.01
15,2,0.7,256,0.49546595691487144,0.5111298808453018,0.3583690987124464,0.001
15,2,0.7,256,0.7842722613442228,0.6930619692488474,0.6115879828326181,0.0001
15,2,0.7,512,0.7864572482186758,0.6965697819239064,0.6137339055793991,0.1
15,2,0.7,512,0.5296236301512562,0.5094677507833257,0.33261802575107297,0.01
15,2,0.7,512,0.6895495645651901,0.6214572139488757,0.5300429184549357,0.001
15,2,0.7,512,0.7880562731780492,0.6959436176059656,0.6115879828326181,0.0001
15,2,1.0,64,0.7818346597774907,0.6874404254929414,0.5965665236051502,0.1
15,2,1.0,64,0.5401422975957332,0.5171390809594186,0.34549356223175964,0.01
15,2,1.0,64,0.5197924913538065,0.49923802250688604,0.3283261802575107,0.001
15,2,1.0,64,0.7733942039251637,0.6837981486563588,0.6158798283261803,0.0001
15,2,1.0,128,0.8248351493812242,0.7526315405109498,0.6673819742489271,0.1
15,2,1.0,128,0.5519813325555232,0.5220141351412673,0.3626609442060086,0.01
15,2,1.0,128,0.4936117129880412,0.5036525199647943,0.3369098712446352,0.001
15,2,1.0,128,0.7785975457310721,0.6882114653880399,0.6051502145922747,0.0001
15,2,1.0,256,0.7289548522855119,0.6109907583655031,0.5579399141630901,0.1
15,2,1.0,256,0.5066903829326221,0.5018801196419853,0.30472103004291845,0.01
15,2,1.0,256,0.48773646818617444,0.5107496131140686,0.3540772532188841,0.001
15,2,1.0,256,0.7842384057669068,0.692540904887066,0.6094420600858369,0.0001
15,2,1.0,512,0.7716259010792116,0.6823619774431725,0.6051502145922747,0.1
15,2,1.0,512,0.5208289928747031,0.510331490769208,0.33047210300429186,0.01
15,2,1.0,512,0.6620432101337556,0.6084530524359801,0.5128755364806867,0.001
15,2,1.0,512,0.7860275428142839,0.6945806306826662,0.6158798283261803,0.0001
20,2,0.1,64,0.7447888453685569,0.6077750404629951,0.6051502145922747,0.1
20,2,0.1,64,0.536225467727822,0.5153399856651926,0.3369098712446352,0.01
20,2,0.1,64,0.5300871911329639,0.5074765833497483,0.3369098712446352,0.001
20,2,0.1,64,0.7339941247551982,0.6532694794600171,0.5686695278969958,0.0001
20,2,0.1,128,0.7601071919663319,0.6571847019215246,0.592274678111588,0.1
20,2,0.1,128,0.5460513979749156,0.5186575876477144,0.3605150214592274,0.01
20,2,0.1,128,0.5140526688612026,0.5119314792051145,0.34120171673819744,0.001
20,2,0.1,128,0.7844285178549106,0.6930736675385305,0.6115879828326181,0.0001
20,2,0.1,256,0.7904652277178217,0.6888739642287116,0.6223175965665236,0.1
20,2,0.1,256,0.5408584732697196,0.5126791077676799,0.34334763948497854,0.01
20,2,0.1,256,0.4867129880411684,0.507770038578103,0.3497854077253219,0.001
20,2,0.1,256,0.790379286636943,0.6980134464344907,0.6180257510729614,0.0001
20,2,0.1,512,0.7782433643068462,0.686904601507736,0.6051502145922747,0.1
20,2,0.1,512,0.5627760531688821,0.5247034123908547,0.33047210300429186,0.01
20,2,0.1,512,0.641912163006792,0.595010441711537,0.49141630901287553,0.001
20,2,0.1,512,0.7849571857160715,0.6938925486560152,0.6094420600858369,0.0001
20,2,0.3,64,0.5518380974207259,0.45252644392986285,0.4077253218884121,0.1
20,2,0.3,64,0.5568070544606025,0.5277849224472997,0.36909871244635195,0.01
20,2,0.3,64,0.5429627276136506,0.5093605753645939,0.33261802575107297,0.001
20,2,0.3,64,0.7667168423684321,0.6768162625826293,0.5944206008583691,0.0001
20,2,0.3,128,0.6403391807991999,0.5909756614609493,0.5300429184549357,0.1
20,2,0.3,128,0.5321289428726197,0.514270420820674,0.34120171673819744,0.01
20,2,0.3,128,0.5262094253927246,0.5135220397231753,0.34120171673819744,0.001
20,2,0.3,128,0.7798293678903289,0.6885600311316267,0.6051502145922747,0.0001
20,2,0.3,256,0.7755036668194509,0.6785957175295597,0.5965665236051502,0.1
20,2,0.3,256,0.5392255927330305,0.51254586347936,0.33047210300429186,0.01
20,2,0.3,256,0.50771125880245,0.5157108919647535,0.3540772532188841,0.001
20,2,0.3,256,0.7841003791824659,0.6927387640712099,0.6115879828326181,0.0001
20,2,0.3,512,0.8191539230801284,0.7346477598835305,0.648068669527897,0.1
20,2,0.3,512,0.5347696779032459,0.5095205420767741,0.3218884120171674,0.01
20,2,0.3,512,0.6663506812783866,0.6092839680107001,0.5214592274678111,0.001
20,2,0.3,512,0.7924496854035584,0.6998292644369976,0.6180257510729614,0.0001
20,2,0.5,64,0.5207013833909746,0.4412073137491066,0.38626609442060084,0.1
20,2,0.5,64,0.558369619567482,0.5270969800749492,0.371244635193133,0.01
20,2,0.5,64,0.5580154381432559,0.5191394145409454,0.3562231759656652,0.001
20,2,0.5,64,0.7155923163465144,0.6396985242164096,0.5536480686695279,0.0001
20,2,0.5,128,0.7606645068544522,0.6753808321663255,0.5965665236051502,0.1
20,2,0.5,128,0.530170527938664,0.5074143107387026,0.34549356223175964,0.01
20,2,0.5,128,0.5339284970207092,0.514393462825439,0.34334763948497854,0.001
20,2,0.5,128,0.7768995583149297,0.6856040284702984,0.6094420600858369,0.0001
20,2,0.5,256,0.6749421850910454,0.5557746960653626,0.5214592274678111,0.1
20,2,0.5,256,0.5369390391266302,0.5167147522166113,0.3605150214592274,0.01
20,2,0.5,256,0.5295455018959123,0.5296350750482155,0.3798283261802575,0.001
20,2,0.5,256,0.7869208092003834,0.6946133262194425,0.6115879828326181,0.0001
20,2,0.5,512,0.7878036584857702,0.6987656528926944,0.6351931330472103,0.1
20,2,0.5,512,0.5354650193758073,0.5085242854517982,0.33905579399141633,0.01
20,2,0.5,512,0.6738900579190801,0.6157475036728379,0.5257510729613734,0.001
20,2,0.5,512,0.7858374307262803,0.6941729249571122,0.6115879828326181,0.0001
20,2,0.7,64,0.520256052335514,0.4384320212667331,0.3605150214592274,0.1
20,2,0.7,64,0.5549241635068127,0.5140518922595744,0.351931330472103,0.01
20,2,0.7,64,0.5456581524230176,0.5156500408421829,0.3540772532188841,0.001
20,2,0.7,64,0.7872828034501438,0.6957757776683993,0.6223175965665236,0.0001
20,2,0.7,128,0.593670569607067,0.46121479934756465,0.43991416309012876,0.1
20,2,0.7,128,0.537267177799075,0.5150281209771513,0.34120171673819744,0.01
20,2,0.7,128,0.5075211467144465,0.5092795212121939,0.34549356223175964,0.001
20,2,0.7,128,0.7873088462019251,0.6952986182253637,0.6115879828326181,0.0001
20,2,0.7,256,0.674973436393183,0.5952386970074499,0.48497854077253216,0.1
20,2,0.7,256,0.5375197924913537,0.5157107564320896,0.3497854077253219,0.01
20,2,0.7,256,0.49920830034584773,0.508963249233162,0.34334763948497854,0.001
20,2,0.7,256,0.7917178840785032,0.6985579272299225,0.6180257510729614,0.0001
20,2,0.7,512,0.7634588941205884,0.6686903073714052,0.5815450643776824,0.1
20,2,0.7,512,0.5532600316679861,0.5176046613980412,0.3605150214592274,0.01
20,2,0.7,512,0.6550871911329639,0.6026773252813433,0.5064377682403434,0.001
20,2,0.7,512,0.7856603400141673,0.6934842733697735,0.6115879828326181,0.0001
20,2,1.0,64,0.48189768323680154,0.48260730331453167,0.3948497854077253,0.1
20,2,1.0,64,0.5375223967665319,0.5214576973644403,0.34549356223175964,0.01
20,2,1.0,64,0.5229462685945248,0.5095990190599252,0.33476394849785407,0.001
20,2,1.0,64,0.7760818159089962,0.6891458288788473,0.6030042918454935,0.0001
20,2,1.0,128,0.7324315596483186,0.5673970554402796,0.5515021459227468,0.1
20,2,1.0,128,0.5198497854077253,0.5096200673302653,0.3218884120171674,0.01
20,2,1.0,128,0.5309257677403225,0.5130584245795944,0.3540772532188841,0.001
20,2,1.0,128,0.7913532855535648,0.6980383141997999,0.6180257510729614,0.0001
20,2,1.0,256,0.6137130713779742,0.565283623867699,0.4034334763948498,0.1
20,2,1.0,256,0.5166986124421851,0.4996378737605429,0.3218884120171674,0.01
20,2,1.0,256,0.5099587482811784,0.518398976471404,0.37339055793991416,0.001
20,2,1.0,256,0.7885120213342223,0.695843439753869,0.6137339055793991,0.0001
20,2,1.0,512,0.7321867577815742,0.6368466829936212,0.5708154506437768,0.1
20,2,1.0,512,0.506000250010417,0.494807621833269,0.3218884120171674,0.01
20,2,1.0,512,0.6716087128630359,0.611160909015567,0.5085836909871244,0.001
20,2,1.0,512,0.783037834909788,0.6914293798428643,0.6115879828326181,0.0001
25,2,0.1,64,0.7248218675778157,0.6478014270194299,0.6051502145922747,0.1
25,2,0.1,64,0.558960790032918,0.5206048862442467,0.351931330472103,0.01
25,2,0.1,64,0.5119640401683403,0.49664914705061,0.3283261802575107,0.001
25,2,0.1,64,0.7169335180632526,0.6429392101521809,0.5643776824034334,0.0001
25,2,0.1,128,0.7332414892287178,0.6157142045242798,0.5472103004291845,0.1
25,2,0.1,128,0.5498718696612359,0.5199578399465021,0.3562231759656652,0.01
25,2,0.1,128,0.5557419059127464,0.5279457682524347,0.3540772532188841,0.001
25,2,0.1,128,0.7872645735238968,0.6945399470497029,0.6158798283261803,0.0001
25,2,0.1,256,0.56427090712113,0.4677368186195097,0.42703862660944214,0.1
25,2,0.1,256,0.5396579024126005,0.5134694286740894,0.34763948497854075,0.01
25,2,0.1,256,0.5343087211967166,0.5286688804889892,0.38626609442060084,0.001
25,2,0.1,256,0.7878192841368391,0.6956082430132496,0.6201716738197425,0.0001
25,2,0.1,512,0.7672168632026334,0.6765731370668135,0.5944206008583691,0.1
25,2,0.1,512,0.5095550856285678,0.5050372459310699,0.3111587982832618,0.01
25,2,0.1,512,0.6512771365473562,0.5993444420221041,0.4892703862660944,0.001
25,2,0.1,512,0.794249239551648,0.7014239242050393,0.6223175965665236,0.0001
25,2,0.3,64,0.5271521730072086,0.391233030833788,0.371244635193133,0.1
25,2,0.3,64,0.5479212675528147,0.5228695064872475,0.3755364806866953,0.01
25,2,0.3,64,0.5248708279511646,0.49547224865764705,0.31759656652360513,0.001
25,2,0.3,64,0.7730582524271845,0.682843186181261,0.6072961373390557,0.0001
25,2,0.3,128,0.6759682695112296,0.5556500160918882,0.51931330472103,0.1
25,2,0.3,128,0.5366056919038293,0.5139528433079936,0.3133047210300429,0.01
25,2,0.3,128,0.531662777615734,0.5180182249257356,0.3583690987124464,0.001
25,2,0.3,128,0.7878036584857702,0.6953280554348442,0.6115879828326181,0.0001
25,2,0.3,256,0.6735983790991291,0.6456329987743983,0.51931330472103,0.1
25,2,0.3,256,0.54145745656069,0.5129198952212941,0.3218884120171674,0.01
25,2,0.3,256,0.5157402391766324,0.52223016479667,0.3798283261802575,0.001
25,2,0.3,256,0.7867645526896954,0.694496594285057,0.6137339055793991,0.0001
25,2,0.3,512,0.8521839451643819,0.7587303823371576,0.6974248927038627,0.1
25,2,0.3,512,0.5155006458602441,0.5015296814086785,0.30686695278969955,0.01
25,2,0.3,512,0.6532303429309555,0.6017360792276307,0.5042918454935622,0.001
25,2,0.3,512,0.7887099462477603,0.6963759450303509,0.6158798283261803,0.0001
25,2,0.5,64,0.5964571440476687,0.49553479061200256,0.43991416309012876,0.1
25,2,0.5,64,0.5431398183257635,0.5199826971281208,0.3562231759656652,0.01
25,2,0.5,64,0.5505567940330847,0.5255928116393681,0.351931330472103,0.001
25,2,0.5,64,0.7708550356264844,0.682579709819587,0.6051502145922747,0.0001
25,2,0.5,128,0.6717180924205175,0.5300725549528083,0.4892703862660944,0.1
25,2,0.5,128,0.5391240260010834,0.5127096704061098,0.34763948497854075,0.01
25,2,0.5,128,0.5446320680028335,0.5324314741596294,0.3798283261802575,0.001
25,2,0.5,128,0.7794569565398558,0.6879823620181044,0.6072961373390557,0.0001
25,2,0.5,256,0.5696513396391516,0.5588544136992297,0.4356223175965665,0.1
25,2,0.5,256,0.5356785699404141,0.5100882556849279,0.33261802575107297,0.01
25,2,0.5,256,0.502596462352598,0.5131273287800928,0.36695278969957085,0.001
25,2,0.5,256,0.7883036793199718,0.6963689546250024,0.6158798283261803,0.0001
25,2,0.5,512,0.6145282095087296,0.5412984664266368,0.42703862660944214,0.1
25,2,0.5,512,0.516953831409642,0.5038907922348639,0.3133047210300429,0.01
25,2,0.5,512,0.6408860785866077,0.5947173362082214,0.4892703862660944,0.001
25,2,0.5,512,0.7869859160798367,0.6947360669261667,0.6137339055793991,0.0001
25,2,0.7,64,0.6006578399099962,0.5580820135600224,0.4248927038626609,0.1
25,2,0.7,64,0.573984853535564,0.536929045033781,0.38626609442060084,0.01
25,2,0.7,64,0.5143261177549064,0.49939211841652065,0.3197424892703863,0.001
25,2,0.7,64,0.7007453435559815,0.6312836655592352,0.5429184549356223,0.0001
25,2,0.7,128,0.8230525230217925,0.743580951810628,0.6652360515021459,0.1
25,2,0.7,128,0.537462498437435,0.5142872767577276,0.3369098712446352,0.01
25,2,0.7,128,0.5292069461227551,0.5121666199957176,0.33905579399141633,0.001
25,2,0.7,128,0.7865692320513354,0.6952731050920911,0.6158798283261803,0.0001
25,2,0.7,256,0.5512078628276178,0.4337361507107845,0.4098712446351932,0.1
25,2,0.7,256,0.5199643735155632,0.5099381543630003,0.315450643776824,0.01
25,2,0.7,256,0.5125109379557482,0.5203968724232529,0.3755364806866953,0.001
25,2,0.7,256,0.7925564606858619,0.6997197313826689,0.6180257510729614,0.0001
25,2,0.7,512,0.8595618567440311,0.7676835220658014,0.7124463519313304,0.1
25,2,0.7,512,0.4927080295012292,0.4964546990371128,0.3090128755364807,0.01
25,2,0.7,512,0.6623036376515687,0.6084583161320817,0.5128755364806867,0.001
25,2,0.7,512,0.7877854285595233,0.6956917154969965,0.6137339055793991,0.0001
25,2,1.0,64,0.564684986874453,0.4512246770940641,0.4291845493562232,0.1
25,2,1.0,64,0.5517729905412726,0.5207760802928381,0.371244635193133,0.01
25,2,1.0,64,0.5355327305304387,0.5049048198935988,0.3540772532188841,0.001
25,2,1.0,64,0.7487759906662778,0.664518702210904,0.5793991416309013,0.0001
25,2,1.0,128,0.6225936497354057,0.49678829121939805,0.44635193133047213,0.1
25,2,1.0,128,0.5554111629651235,0.5212220641470997,0.34549356223175964,0.01
25,2,1.0,128,0.5391787157798241,0.5270977059224298,0.3626609442060086,0.001
25,2,1.0,128,0.7754073086378599,0.6851427473170927,0.6051502145922747,0.0001
25,2,1.0,256,0.840467311137964,0.7879548080548439,0.7081545064377682,0.1
25,2,1.0,256,0.5447466561106713,0.5183833267512189,0.3626609442060086,0.01
25,2,1.0,256,0.49409089962081754,0.5071991632327935,0.33905579399141633,0.001
25,2,1.0,256,0.7847826992791367,0.6922646591060412,0.6137339055793991,0.0001
25,2,1.0,512,0.8016688195341471,0.7125374264783282,0.6180257510729614,0.1
25,2,1.0,512,0.5363817242385099,0.5098389410835248,0.3261802575107296,0.01
25,2,1.0,512,0.6713092212175507,0.6140114483121399,0.5321888412017167,0.001
25,2,1.0,512,0.7870041460060837,0.6950149951947878,0.6115879828326181,0.0001
5,4,0.1,64,0.5680549189549564,0.4909404213757135,0.45278969957081544,0.1
5,4,0.1,64,0.5374781240885036,0.5144331811430042,0.351931330472103,0.01
5,4,0.1,64,0.5278787657819076,0.5082776284245893,0.34334763948497854,0.001
5,4,0.1,64,0.751984457685737,0.6645504692610342,0.5858369098712446,0.0001
5,4,0.1,128,0.8126979249135381,0.7189692436304964,0.6373390557939914,0.1
5,4,0.1,128,0.5886078586607776,0.5426508635635612,0.388412017167382,0.01
5,4,0.1,128,0.5163288053668903,0.5156418106384157,0.3497854077253219,0.001
5,4,0.1,128,0.7764724571857162,0.685580097362912,0.6030042918454935,0.0001
5,4,0.1,256,0.7287152589691237,0.6031812610198591,0.5622317596566524,0.1
5,4,0.1,256,0.5256729447060294,0.5083831768263669,0.33905579399141633,0.01
5,4,0.1,256,0.528240760031668,0.5178080579218747,0.3583690987124464,0.001
5,4,0.1,256,0.787209883745156,0.6953914503343407,0.6158798283261803,0.0001
5,4,0.1,512,0.49612223425976076,0.45612575280061207,0.3798283261802575,0.1
5,4,0.1,512,0.5469654985624401,0.5141315487774332,0.3540772532188841,0.01
5,4,0.1,512,0.6635719196633193,0.6073084466283899,0.5150214592274678,0.001
5,4,0.1,512,0.7924002041751739,0.6992215671388319,0.6201716738197425,0.0001
5,4,0.3,64,0.8210211883828492,0.7220796552548305,0.6545064377682404,0.1
5,4,0.3,64,0.5894620609192049,0.5542211538967461,0.4012875536480687,0.01
5,4,0.3,64,0.5270323763490146,0.512813445106358,0.34120171673819744,0.001
5,4,0.3,64,0.750786491103796,0.6635334356622437,0.5879828326180258,0.0001
5,4,0.3,128,0.7924314554773115,0.6942707511198697,0.628755364806867,0.1
5,4,0.3,128,0.5416970498770782,0.5226550152346434,0.3626609442060086,0.01
5,4,0.3,128,0.5253552231342973,0.5155317096933323,0.351931330472103,0.001
5,4,0.3,128,0.787053627234468,0.6944366083401561,0.6158798283261803,0.0001
5,4,0.3,256,0.6854894995624818,0.5978553767816255,0.5150214592274678,0.1
5,4,0.3,256,0.5461659860827535,0.5124828076285759,0.33047210300429186,0.01
5,4,0.3,256,0.5339597483228468,0.5220350322195745,0.36909871244635195,0.001
5,4,0.3,256,0.7862567190299596,0.6944388006624773,0.6137339055793991,0.0001
5,4,0.3,512,0.7360332722196758,0.6355450932904642,0.5665236051502146,0.1
5,4,0.3,512,0.550603670986291,0.5197346106454273,0.3583690987124464,0.01
5,4,0.3,512,0.6333467019459144,0.5892667443717867,0.47854077253218885,0.001
5,4,0.3,512,0.7865510021250885,0.6946796214556671,0.6137339055793991,0.0001
5,4,0.5,64,0.7218790366265262,0.6494217451161846,0.5987124463519313,0.1
5,4,0.5,64,0.562950539605817,0.5307795212761106,0.3626609442060086,0.01
5,4,0.5,64,0.5387594274761448,0.5152687871682442,0.34549356223175964,0.001
5,4,0.5,64,0.7842540314179758,0.6907589324045306,0.6072961373390557,0.0001
5,4,0.5,128,0.8550981290887121,0.7989039671781664,0.6974248927038627,0.1
5,4,0.5,128,0.531329430392933,0.5122536184433845,0.3240343347639485,0.01
5,4,0.5,128,0.539983436809867,0.5201174653478384,0.3583690987124464,0.001
5,4,0.5,128,0.7831524230176257,0.6911015644364008,0.6094420600858369,0.0001
5,4,0.5,256,0.7339081836743198,0.6009481410940374,0.5600858369098712,0.1
5,4,0.5,256,0.5110134797283221,0.502833762781745,0.3283261802575107,0.01
5,4,0.5,256,0.5057710737947415,0.5169561625933464,0.371244635193133,0.001
5,4,0.5,256,0.78449883328472,0.6927627469183718,0.6115879828326181,0.0001
5,4,0.5,512,0.672749385391058,0.6075107798177533,0.5,0.1
5,4,0.5,512,0.5239619359139964,0.5065741807974542,0.34334763948497854,0.01
5,4,0.5,512,0.6700800033334723,0.6125604782847546,0.5236051502145923,0.001
5,4,0.5,512,0.7889912079669987,0.6970115059302259,0.6180257510729614,0.0001
5,4,0.7,64,0.6937346347764491,0.6189300384101261,0.5300429184549357,0.1
5,4,0.7,64,0.5401162548439518,0.5205659474759649,0.36695278969957085,0.01
5,4,0.7,64,0.5432778449102046,0.5151960790835031,0.34334763948497854,0.001
5,4,0.7,64,0.744984166006917,0.6653965549823244,0.5901287553648069,0.0001
5,4,0.7,128,0.6545559189966249,0.5563652094043599,0.51931330472103,0.1
5,4,0.7,128,0.536345264386016,0.5196891378762648,0.3497854077253219,0.01
5,4,0.7,128,0.5260740030834619,0.5180396536391307,0.34763948497854075,0.001
5,4,0.7,128,0.7874859369140381,0.6960290893270027,0.6137339055793991,0.0001
5,4,0.7,256,0.707578961623401,0.6337811288912434,0.5643776824034334,0.1
5,4,0.7,256,0.5178939747489479,0.5057211435583273,0.3197424892703863,0.01
5,4,0.7,256,0.4924554148089504,0.5097417250479451,0.351931330472103,0.001
5,4,0.7,256,0.7852488645360223,0.6932951081577932,0.6137339055793991,0.0001
5,4,0.7,512,0.7840717321555065,0.6922046475924051,0.6137339055793991,0.1
5,4,0.7,512,0.535418142422601,0.5217000048211573,0.33905579399141633,0.01
5,4,0.7,512,0.6606967998666611,0.6069300151072323,0.5107296137339056,0.001
5,4,0.7,512,0.7852514688112004,0.6934209614294564,0.6137339055793991,0.0001
5,4,1.0,64,0.8860395224801033,0.8040928231485207,0.7145922746781117,0.1
5,4,1.0,64,0.5644479978332431,0.5379467829808982,0.3905579399141631,0.01
5,4,1.0,64,0.5333269094545606,0.5123453241468091,0.34549356223175964,0.001
5,4,1.0,64,0.737923975999,0.6562430964240515,0.5686695278969958,0.0001
5,4,1.0,128,0.6381099212467187,0.5189988867062791,0.48283261802575106,0.1
5,4,1.0,128,0.5043647651985499,0.4937526792928042,0.33047210300429186,0.01
5,4,1.0,128,0.5560361890078753,0.5326868028662983,0.3819742489270386,0.001
5,4,1.0,128,0.7797850952123005,0.6884616771536746,0.6072961373390557,0.0001
5,4,1.0,256,0.45634974373932247,0.48765870101045816,0.3562231759656652,0.1
5,4,1.0,256,0.5152844910204591,0.5043550532254821,0.3261802575107296,0.01
5,4,1.0,256,0.5162480728363682,0.5179143809344481,0.3583690987124464,0.001
5,4,1.0,256,0.7833373265552732,0.6920898237984118,0.6115879828326181,0.0001
5,4,1.0,512,0.34811606733613903,0.43396824598000006,0.26824034334763946,0.1
5,4,1.0,512,0.5236962998458269,0.5112783128044038,0.34334763948497854,0.01
5,4,1.0,512,0.6478082420100838,0.5985923046481569,0.4871244635193133,0.001
5,4,1.0,512,0.7858035751489646,0.6937375761445794,0.6137339055793991,0.0001
10,4,0.1,64,0.747778553273053,0.6626772684829637,0.5879828326180258,0.1
10,4,0.1,64,0.581555481478395,0.541112660918619,0.41201716738197425,0.01
10,4,0.1,64,0.5683492020500854,0.5267828821044992,0.3626609442060086,0.001
10,4,0.1,64,0.7366036084836867,0.6546843470304433,0.572961373390558,0.0001
10,4,0.1,128,0.6769904475186467,0.7032305166242552,0.6373390557939914,0.1
10,4,0.1,128,0.5574685403558481,0.5230307612564549,0.3755364806866953,0.01
10,4,0.1,128,0.5506635693153881,0.5277174627010797,0.3562231759656652,0.001
10,4,0.1,128,0.7871577982415934,0.6958259007736065,0.6158798283261803,0.0001
10,4,0.1,256,0.5316080878369933,0.5036368264883775,0.3798283261802575,0.1
10,4,0.1,256,0.5198185341055876,0.5078537480849075,0.3218884120171674,0.01
10,4,0.1,256,0.506844035168132,0.5147562997566953,0.3540772532188841,0.001
10,4,0.1,256,0.7868999749989584,0.6949277150060938,0.6115879828326181,0.0001
10,4,0.1,512,0.6153016792366349,0.5636642872174226,0.4313304721030043,0.1
10,4,0.1,512,0.5355405433559732,0.5113089244060605,0.33905579399141633,0.01
10,4,0.1,512,0.6667960123338473,0.612626570599362,0.5257510729613734,0.001
10,4,0.1,512,0.7879833534730614,0.696192330502464,0.6137339055793991,0.0001
10,4,0.3,64,0.8641388703695987,0.7788936986675856,0.6952789699570815,0.1
10,4,0.3,64,0.5607447185299388,0.5263238617404401,0.36909871244635195,0.01
10,4,0.3,64,0.5386370265427727,0.5161632342765441,0.34763948497854075,0.001
10,4,0.3,64,0.7236447351972999,0.6451037266669601,0.5643776824034334,0.0001
10,4,0.3,128,0.5833602441768406,0.5037025517267433,0.4549356223175965,0.1
10,4,0.3,128,0.571979561648402,0.5378116871620118,0.3905579399141631,0.01
10,4,0.3,128,0.5667345514396432,0.5325534186670771,0.3626609442060086,0.001
10,4,0.3,128,0.7822122796783199,0.6914285391766977,0.6094420600858369,0.0001
10,4,0.3,256,0.8210654610608774,0.737415544737537,0.6566523605150214,0.1
10,4,0.3,256,0.5333894120588358,0.5082799992973408,0.3562231759656652,0.01
10,4,0.3,256,0.49946872786366103,0.5101882516116183,0.3497854077253219,0.001
10,4,0.3,256,0.7840014167256969,0.69206461452706,0.6115879828326181,0.0001
10,4,0.3,512,0.7104176215675653,0.6516307121923275,0.555793991416309,0.1
10,4,0.3,512,0.5242926788616191,0.5029771319819607,0.33476394849785407,0.01
10,4,0.3,512,0.6647360306679445,0.610511793520809,0.5128755364806867,0.001
10,4,0.3,512,0.7932648235343138,0.7003582543886828,0.6201716738197425,0.0001
10,4,0.5,64,0.8523558273261386,0.7017862960562359,0.6974248927038627,0.1
10,4,0.5,64,0.590032397183216,0.5518164847061718,0.4034334763948498,0.01
10,4,0.5,64,0.5376812575523982,0.5192451978799846,0.34334763948497854,0.001
10,4,0.5,64,0.7550002083420143,0.6695515667825565,0.592274678111588,0.0001
10,4,0.5,128,0.6981905496062336,0.6002053916542889,0.5772532188841202,0.1
10,4,0.5,128,0.5523459310804617,0.521454568390402,0.34763948497854075,0.01
10,4,0.5,128,0.5420017500729197,0.5282723271469858,0.3755364806866953,0.001
10,4,0.5,128,0.7858712863035959,0.6936781898119003,0.6137339055793991,0.0001
10,4,0.5,256,0.6223983290970457,0.558277921574947,0.4742489270386266,0.1
10,4,0.5,256,0.5556455477311555,0.526170683533046,0.3776824034334764,0.01
10,4,0.5,256,0.4967029876244844,0.5133780370649695,0.34120171673819744,0.001
10,4,0.5,256,0.7826550064586024,0.6919324148235524,0.6115879828326181,0.0001
10,4,0.5,512,0.7849780199174966,0.7112323213743614,0.6437768240343348,0.1
10,4,0.5,512,0.5393271594649778,0.5162763621146081,0.351931330472103,0.01
10,4,0.5,512,0.6683117004875203,0.6104286763807691,0.5214592274678111,0.001
10,4,0.5,512,0.7910277511562981,0.6977988619940743,0.6180257510729614,0.0001
10,4,0.7,64,0.5247484270177925,0.44195793609757184,0.39914163090128757,0.1
10,4,0.7,64,0.5595181049210384,0.5379710768813777,0.3819742489270386,0.01
10,4,0.7,64,0.5075758364931873,0.5081451181593278,0.34334763948497854,0.001
10,4,0.7,64,0.7496171715488145,0.6651377189812195,0.5836909871244635,0.0001
10,4,0.7,128,0.3727316763198467,0.28584747799026056,0.27682403433476394,0.1
10,4,0.7,128,0.5876312554689779,0.549652649683074,0.41201716738197425,0.01
10,4,0.7,128,0.5411553606400267,0.5255619759888878,0.3497854077253219,0.001
10,4,0.7,128,0.7799387474478102,0.6881114772215421,0.6072961373390557,0.0001
10,4,0.7,256,0.6348962456769032,0.49657013613431145,0.4699570815450644,0.1
10,4,0.7,256,0.5517729905412725,0.5209781280890871,0.3497854077253219,0.01
10,4,0.7,256,0.4920309179549148,0.5116923070981045,0.3540772532188841,0.001
10,4,0.7,256,0.7850170840451687,0.6937082061528441,0.6115879828326181,0.0001
10,4,0.7,512,0.7253270969623735,0.6468956779957643,0.5665236051502146,0.1
10,4,0.7,512,0.5514005791907997,0.5214073224384355,0.33047210300429186,0.01
10,4,0.7,512,0.6454383515979832,0.5972290892160845,0.4978540772532189,0.001
10,4,0.7,512,0.7872072794699779,0.6941701061616277,0.6137339055793991,0.0001
10,4,1.0,64,0.5127401141714238,0.3907654785369171,0.3540772532188841,0.1
10,4,1.0,64,0.5486478603275137,0.5212043498559802,0.3583690987124464,0.01
10,4,1.0,64,0.5436059835826492,0.5170900241356233,0.3605150214592274,0.001
10,4,1.0,64,0.7784074336430684,0.6887689467771825,0.6072961373390557,0.0001
10,4,1.0,128,0.5378843910162923,0.3934392845712503,0.36695278969957085,0.1
10,4,1.0,128,0.5803080336680695,0.549575564056347,0.4098712446351932,0.01
10,4,1.0,128,0.5356134630609608,0.5198342923198197,0.34763948497854075,0.001
10,4,1.0,128,0.7905459602483437,0.6981733763939242,0.6201716738197425,0.0001
10,4,1.0,256,0.7766625692737198,0.6759288496390861,0.6072961373390557,0.1
10,4,1.0,256,0.5511635901495896,0.5247206512675175,0.3562231759656652,0.01
10,4,1.0,256,0.4884812908871203,0.5079148818125481,0.3497854077253219,0.001
10,4,1.0,256,0.7841368390349597,0.692763857508109,0.6137339055793991,0.0001
10,4,1.0,512,0.5488744322680112,0.48707485954989144,0.4034334763948498,0.1
10,4,1.0,512,0.5197742614275596,0.508163337163648,0.33261802575107297,0.01
10,4,1.0,512,0.6732676361515063,0.61315574870046,0.5257510729613734,0.001
10,4,1.0,512,0.7883948289512062,0.6961068570397799,0.6158798283261803,0.0001
15,4,0.1,64,0.536560117088212,0.45902300323298195,0.41201716738197425,0.1
15,4,0.1,64,0.5508354514771449,0.5236743237393647,0.3562231759656652,0.01
15,4,0.1,64,0.5406397141547565,0.5181021636698777,0.3540772532188841,0.001
15,4,0.1,64,0.7605681486728614,0.6739445736853317,0.5944206008583691,0.0001
15,4,0.1,128,0.6104486124421851,0.47554103816524884,0.43991416309012876,0.1
15,4,0.1,128,0.5646276928205343,0.5333344099559243,0.388412017167382,0.01
15,4,0.1,128,0.5366629859577483,0.518588232526044,0.34120171673819744,0.001
15,4,0.1,128,0.7689096420684195,0.6790538924711423,0.6008583690987125,0.0001
15,4,0.1,256,0.31532433643068464,0.43329145879516673,0.27253218884120173,0.1
15,4,0.1,256,0.5411006708612859,0.5190605034239297,0.3583690987124464,0.01
15,4,0.1,256,0.5055002291762156,0.513654114994879,0.36695278969957085,0.001
15,4,0.1,256,0.7892724696862369,0.6964070073579168,0.6158798283261803,0.0001
15,4,0.1,512,0.7966035043126796,0.7075737182653872,0.6351931330472103,0.1
15,4,0.1,512,0.542283011792158,0.5196293049779708,0.33905579399141633,0.01
15,4,0.1,512,0.6899610400433351,0.6264129735335681,0.5450643776824035,0.001
15,4,0.1,512,0.7857046126921956,0.6938167275447045,0.6137339055793991,0.0001
15,4,0.3,64,0.6892787199466643,0.5329724950588784,0.49356223175965663,0.1
15,4,0.3,64,0.5908501395891496,0.5581753595644126,0.41416309012875535,0.01
15,4,0.3,64,0.5180632526355264,0.5002946328350432,0.315450643776824,0.001
15,4,0.3,64,0.7599274969790408,0.6723048912564168,0.5987124463519313,0.0001
15,4,0.3,128,0.7905238239093295,0.6977596359812606,0.6201716738197425,0.1
15,4,0.3,128,0.5330326263594316,0.5146836130731043,0.34334763948497854,0.01
15,4,0.3,128,0.5696357139880828,0.5373422275933752,0.371244635193133,0.001
15,4,0.3,128,0.7754125171882162,0.6847890768396928,0.6051502145922747,0.0001
15,4,0.3,256,0.8832672715529815,0.8017755559000193,0.7188841201716738,0.1
15,4,0.3,256,0.5597108212842201,0.5286007345730196,0.3905579399141631,0.01
15,4,0.3,256,0.5067320513354723,0.5152873518756029,0.351931330472103,0.001
15,4,0.3,256,0.7916059002458435,0.6990924550250539,0.6201716738197425,0.0001
15,4,0.3,512,0.7375411475478144,0.6710288851847166,0.5836909871244635,0.1
15,4,0.3,512,0.5415928788699529,0.5013169471610818,0.3798283261802575,0.01
15,4,0.3,512,0.6571133172215509,0.6034826569687697,0.4957081545064378,0.001
15,4,0.3,512,0.7847149881245054,0.693510930028625,0.6137339055793991,0.0001
15,4,0.5,64,0.556973728072003,0.48635177892388415,0.4313304721030043,0.1
15,4,0.5,64,0.5781126296929039,0.543085166011037,0.4055793991416309,0.01
15,4,0.5,64,0.5537444268511188,0.5230204878422275,0.3648068669527897,0.001
15,4,0.5,64,0.7660371265469395,0.678998882840145,0.5944206008583691,0.0001
15,4,0.5,128,0.7736845806075252,0.7039762895513361,0.6137339055793991,0.1
15,4,0.5,128,0.5734822284261845,0.5355109570002246,0.3969957081545064,0.01
15,4,0.5,128,0.5626927163631816,0.5285315430261057,0.34334763948497854,0.001
15,4,0.5,128,0.7875067711154632,0.6949308420882133,0.6115879828326181,0.0001
15,4,0.5,256,0.7576643818492438,0.6506594507984377,0.592274678111588,0.1
15,4,0.5,256,0.5913058877453228,0.5629935409875457,0.4206008583690987,0.01
15,4,0.5,256,0.5257666986124422,0.523796530632378,0.3605150214592274,0.001
15,4,0.5,256,0.7885615025626068,0.6965627961555247,0.6158798283261803,0.0001
15,4,0.5,512,0.8190211050460435,0.7297201070981859,0.6609442060085837,0.1
15,4,0.5,512,0.5312617192383016,0.5019147035130505,0.34120171673819744,0.01
15,4,0.5,512,0.6667335097295721,0.6094170114316465,0.5150214592274678,0.001
15,4,0.5,512,0.7888870369598734,0.6970356242454402,0.6180257510729614,0.0001
15,4,0.7,64,0.7207826367765323,0.5864075978038127,0.5686695278969958,0.1
15,4,0.7,64,0.5510281678403267,0.5224706840632372,0.3776824034334764,0.01
15,4,0.7,64,0.5313398474936456,0.5073385772251157,0.3261802575107296,0.001
15,4,0.7,64,0.6811143172632192,0.6188371164414438,0.5386266094420601,0.0001
15,4,0.7,128,0.25429835618150753,0.26460953817361393,0.17381974248927037,0.1
15,4,0.7,128,0.5560830659610817,0.5213713547404902,0.37339055793991416,0.01
15,4,0.7,128,0.5387594274761449,0.5216292104853657,0.351931330472103,0.001
15,4,0.7,128,0.78158464936039,0.6898764257377756,0.6115879828326181,0.0001
15,4,0.7,256,0.8271959248302012,0.737682728141614,0.6566523605150214,0.1
15,4,0.7,256,0.5680653360556691,0.5294531564004638,0.3948497854077253,0.01
15,4,0.7,256,0.5067945539397475,0.5192980526549424,0.37339055793991416,0.001
15,4,0.7,256,0.7912308846201925,0.6979853415010205,0.6158798283261803,0.0001
15,4,0.7,512,0.854939268302846,0.7861536349105208,0.6802575107296137,0.1
15,4,0.7,512,0.5262615108962874,0.5087824769670812,0.3090128755364807,0.01
15,4,0.7,512,0.6727962623442643,0.6148656935772372,0.5278969957081545,0.001
15,4,0.7,512,0.7875588566190258,0.6960816607008193,0.6158798283261803,0.0001
15,4,1.0,64,0.6295561794241427,0.5714320744035359,0.4678111587982833,0.1
15,4,1.0,64,0.5546793616400683,0.5234119894460401,0.3798283261802575,0.01
15,4,1.0,64,0.5152376140672528,0.5038989992656377,0.3261802575107296,0.001
15,4,1.0,64,0.6748614525605233,0.6174914891646555,0.5257510729613734,0.0001
15,4,1.0,128,0.7318508062835951,0.6457358029860684,0.572961373390558,0.1
15,4,1.0,128,0.5796517563231801,0.5383486528240905,0.38626609442060084,0.01
15,4,1.0,128,0.5421423809325389,0.522656443446045,0.3497854077253219,0.001
15,4,1.0,128,0.7822747822825951,0.6908845100719094,0.6072961373390557,0.0001
15,4,1.0,256,0.6383026376099004,0.5296787604346778,0.5107296137339056,0.1
15,4,1.0,256,0.5512859910829617,0.519242197592346,0.33047210300429186,0.01
15,4,1.0,256,0.5069169548731197,0.5170162094131614,0.3626609442060086,0.001
15,4,1.0,256,0.7848920788366182,0.6928114858199839,0.6115879828326181,0.0001
15,4,1.0,512,0.7759307679486644,0.6851502786569655,0.6094420600858369,0.1
15,4,1.0,512,0.548595774823951,0.518510155444749,0.3626609442060086,0.01
15,4,1.0,512,0.6485140005833576,0.6014833310379173,0.4978540772532189,0.001
15,4,1.0,512,0.7848269719571649,0.693462044013863,0.6137339055793991,0.0001
20,4,0.1,64,0.7508515979832493,0.6761494441826399,0.6351931330472103,0.1
20,4,0.1,64,0.583365452727197,0.5490954872902025,0.4034334763948498,0.01
20,4,0.1,64,0.5632448227009459,0.5343171682987925,0.36695278969957085,0.001
20,4,0.1,64,0.778258989957915,0.6866628705541549,0.6094420600858369,0.0001
20,4,0.1,128,0.7613220863369308,0.6731422881825366,0.5987124463519313,0.1
20,4,0.1,128,0.5446945706071087,0.5177577528446308,0.34549356223175964,0.01
20,4,0.1,128,0.5422543647651985,0.5224382195042137,0.34763948497854075,0.001
20,4,0.1,128,0.7846550897954081,0.693373484087254,0.6115879828326181,0.0001
20,4,0.1,256,0.7359343097629067,0.6380578274833126,0.5622317596566524,0.1
20,4,0.1,256,0.5612968248677028,0.5230151709373698,0.3798283261802575,0.01
20,4,0.1,256,0.4918876828201175,0.5120478773003093,0.3648068669527897,0.001
20,4,0.1,256,0.7804179340805867,0.689142788711151,0.6094420600858369,0.0001
20,4,0.1,512,0.5622890537105713,0.5370512086312329,0.4077253218884121,0.1
20,4,0.1,512,0.5466165256885704,0.5196798673258284,0.3648068669527897,0.01
20,4,0.1,512,0.6575404183507646,0.604252233206318,0.5042918454935622,0.001
20,4,0.1,512,0.7906084628526188,0.6983585917025373,0.6201716738197425,0.0001
20,4,0.3,64,0.7802486561940082,0.6660431628123034,0.628755364806867,0.1
20,4,0.3,64,0.569539355806492,0.5423996875504733,0.388412017167382,0.01
20,4,0.3,64,0.5438690153756407,0.5206530116384434,0.3540772532188841,0.001
20,4,0.3,64,0.718514313096379,0.6432808406764523,0.5600858369098712,0.0001
20,4,0.3,128,0.5391995499812492,0.4109305418090353,0.3948497854077253,0.1
20,4,0.3,128,0.5387281761740073,0.51456199168213,0.34763948497854075,0.01
20,4,0.3,128,0.556934663944331,0.5335111265262034,0.3605150214592274,0.001
20,4,0.3,128,0.787561460894204,0.6951895096502634,0.6158798283261803,0.0001
20,4,0.3,256,0.7371505062710946,0.6467654059181079,0.5858369098712446,0.1
20,4,0.3,256,0.5621484228509521,0.522821808765101,0.3776824034334764,0.01
20,4,0.3,256,0.513922455102296,0.5132389508881812,0.34334763948497854,0.001
20,4,0.3,256,0.7836524438518272,0.6919296085541604,0.6115879828326181,0.0001
20,4,0.3,512,0.8317794491437145,0.7314688036767826,0.6845493562231759,0.1
20,4,0.3,512,0.5462076544856036,0.5131258544776963,0.3540772532188841,0.01
20,4,0.3,512,0.6638453685570231,0.6071182787932756,0.5021459227467812,0.001
20,4,0.3,512,0.7899521855077295,0.6973210220804211,0.6158798283261803,0.0001
20,4,0.5,64,0.4654725196883204,0.3387663244025403,0.3261802575107296,0.1
20,4,0.5,64,0.5941757989916245,0.5461241319165179,0.4012875536480687,0.01
20,4,0.5,64,0.5657735738989125,0.5254455458717977,0.3583690987124464,0.001
20,4,0.5,64,0.7611593191382974,0.6745595364698624,0.5965665236051502,0.0001
20,4,0.5,128,0.45489395391474646,0.32834742826763197,0.3111587982832618,0.1
20,4,0.5,128,0.5797350931288803,0.5388419606702577,0.4012875536480687,0.01
20,4,0.5,128,0.5480020000833368,0.5270876731304279,0.3626609442060086,0.001
20,4,0.5,128,0.7822904079336639,0.6904316928343648,0.6115879828326181,0.0001
20,4,0.5,256,0.626140672528022,0.5318465678068487,0.4892703862660944,0.1
20,4,0.5,256,0.5365379807491979,0.5090383203553919,0.33476394849785407,0.01
20,4,0.5,256,0.5078232426351098,0.5176169991138494,0.3562231759656652,0.001
20,4,0.5,256,0.7879859577482397,0.6959914839813471,0.6158798283261803,0.0001
20,4,0.5,512,0.7831576315679819,0.6913694441425959,0.6094420600858369,0.1
20,4,0.5,512,0.5191310054585607,0.5002729891603486,0.34120171673819744,0.01
20,4,0.5,512,0.7158475353139714,0.6416062451134358,0.5536480686695279,0.001
20,4,0.5,512,0.787738551606317,0.6959453679975631,0.6137339055793991,0.0001
20,4,0.7,64,0.7542124151006292,0.6655789890616326,0.5772532188841202,0.1
20,4,0.7,64,0.5598228051168799,0.5258020041241702,0.3819742489270386,0.01
20,4,0.7,64,0.5641823617650735,0.5307124096595047,0.3755364806866953,0.001
20,4,0.7,64,0.7640865244385183,0.6732668586348824,0.5901287553648069,0.0001
20,4,0.7,128,0.7207331555481478,0.6762676637700796,0.5901287553648069,0.1
20,4,0.7,128,0.5471321721738406,0.5170822386905861,0.3497854077253219,0.01
20,4,0.7,128,0.561554648110338,0.5317852891326144,0.3562231759656652,0.001
20,4,0.7,128,0.786168173673903,0.6938651942353179,0.6137339055793991,0.0001
20,4,0.7,256,0.49638005750239594,0.40706062228152445,0.3755364806866953,0.1
20,4,0.7,256,0.5498666611108796,0.5218691765837478,0.3819742489270386,0.01
20,4,0.7,256,0.5389938122421768,0.523941205354711,0.36695278969957085,0.001
20,4,0.7,256,0.7820325846910288,0.6904877086437469,0.6094420600858369,0.0001
20,4,0.7,512,0.7863296387349473,0.6856456619145281,0.6158798283261803,0.1
20,4,0.7,512,0.5197534272261344,0.49981086688065246,0.3497854077253219,0.01
20,4,0.7,512,0.6755567940330847,0.6144466566561785,0.5128755364806867,0.001
20,4,0.7,512,0.789707383640985,0.6968930325922089,0.6158798283261803,0.0001
20,4,1.0,64,0.6019521646735281,0.4962546386207778,0.45278969957081544,0.1
20,4,1.0,64,0.5701930288762032,0.5379109615660438,0.39270386266094426,0.01
20,4,1.0,64,0.5511635901495896,0.5219852285675477,0.3497854077253219,0.001
20,4,1.0,64,0.7618702862619277,0.6735995085364714,0.5879828326180258,0.0001
20,4,1.0,128,0.6367921580065836,0.5614585817573992,0.4721030042918455,0.1
20,4,1.0,128,0.5749302054252261,0.5403650031170326,0.3905579399141631,0.01
20,4,1.0,128,0.5484863952664694,0.5277666251429147,0.3497854077253219,0.001
20,4,1.0,128,0.7840352723030127,0.6920001687739172,0.6094420600858369,0.0001
20,4,1.0,256,0.37108707654485606,0.2935153468677675,0.30257510729613735,0.1
20,4,1.0,256,0.5550543772657194,0.5183770532201611,0.371244635193133,0.01
20,4,1.0,256,0.5208159714988124,0.5208431050779805,0.3540772532188841,0.001
20,4,1.0,256,0.7850379182465935,0.6926406314547353,0.6115879828326181,0.0001
20,4,1.0,512,0.6882109671236302,0.6161388375974216,0.5107296137339056,0.1
20,4,1.0,512,0.5609582690945456,0.5226636582710694,0.38412017167381973,0.01
20,4,1.0,512,0.6804814783949331,0.6195640208753177,0.5321888412017167,0.001
20,4,1.0,512,0.7852696987374475,0.6935321779263609,0.6115879828326181,0.0001
25,4,0.1,64,0.5131932580524189,0.40813735748787716,0.3648068669527897,0.1
25,4,0.1,64,0.5854462685945248,0.5497026737429247,0.4055793991416309,0.01
25,4,0.1,64,0.5078128255343973,0.49923210772675986,0.3240343347639485,0.001
25,4,0.1,64,0.7725191674653109,0.6826459531934931,0.6008583690987125,0.0001
25,4,0.1,128,0.7475988582857618,0.618326914660284,0.5622317596566524,0.1
25,4,0.1,128,0.5795840451685487,0.533590300978474,0.39270386266094426,0.01
25,4,0.1,128,0.5411631734655611,0.5248881585743227,0.3626609442060086,0.001
25,4,0.1,128,0.7868504937705737,0.6943181797033021,0.6180257510729614,0.0001
25,4,0.1,256,0.7325747947831159,0.6168848939184839,0.5343347639484979,0.1
25,4,0.1,256,0.5413376599024959,0.5131595748117197,0.315450643776824,0.01
25,4,0.1,256,0.5306575273969749,0.5242904112624931,0.3776824034334764,0.001
25,4,0.1,256,0.7857957623234302,0.6936657845351699,0.6115879828326181,0.0001
25,4,0.1,512,0.8113879744989374,0.7151789749617687,0.6437768240343348,0.1
25,4,0.1,512,0.5707112796366515,0.5267441502763325,0.3776824034334764,0.01
25,4,0.1,512,0.6763380765865245,0.6139615369543401,0.5171673819742489,0.001
25,4,0.1,512,0.7869208092003834,0.695401099778157,0.6158798283261803,0.0001
25,4,0.3,64,0.546332659694154,0.48060283097440826,0.4034334763948498,0.1
25,4,0.3,64,0.5566143380974207,0.529924377602825,0.3798283261802575,0.01
25,4,0.3,64,0.5392568440351682,0.5194443230831631,0.3497854077253219,0.001
25,4,0.3,64,0.7838034918121588,0.6924029203253267,0.6158798283261803,0.0001
25,4,0.3,128,0.659651183382641,0.601098383869427,0.4978540772532189,0.1
25,4,0.3,128,0.5910610858785783,0.5455293915617393,0.4206008583690987,0.01
25,4,0.3,128,0.5603827242801783,0.5276034414193769,0.351931330472103,0.001
25,4,0.3,128,0.7865483978499104,0.6943117975690465,0.6180257510729614,0.0001
25,4,0.3,256,0.5331810700445851,0.40360136985422884,0.41201716738197425,0.1
25,4,0.3,256,0.5728467852827202,0.5267831472505171,0.3605150214592274,0.01
25,4,0.3,256,0.514258406600275,0.5193425735320709,0.37339055793991416,0.001
25,4,0.3,256,0.7892985124380183,0.6957425472557974,0.6137339055793991,0.0001
25,4,0.3,512,0.8733593066377765,0.8127069487133466,0.7360515021459226,0.1
25,4,0.3,512,0.5608723280136672,0.5250990944304075,0.36909871244635195,0.01
25,4,0.3,512,0.6719733113879744,0.611668534784326,0.5171673819742489,0.001
25,4,0.3,512,0.78905891912163,0.6967591109357363,0.6158798283261803,0.0001
25,4,0.5,64,0.7374825513563065,0.6476183397319661,0.5836909871244635,0.1
25,4,0.5,64,0.5663751614650611,0.5291791517474753,0.3905579399141631,0.01
25,4,0.5,64,0.5378739739155798,0.5099607875386558,0.34763948497854075,0.001
25,4,0.5,64,0.7481457560731697,0.6631762958979681,0.592274678111588,0.0001
25,4,0.5,128,0.5938658902454269,0.4480084824384254,0.4163090128755364,0.1
25,4,0.5,128,0.547317075711488,0.5147653904842295,0.3626609442060086,0.01
25,4,0.5,128,0.5361785907746156,0.518643409819208,0.351931330472103,0.001
25,4,0.5,128,0.7893532022167591,0.696665165362889,0.6158798283261803,0.0001
25,4,0.5,256,0.6351384432684696,0.5317792134650902,0.5128755364806867,0.1
25,4,0.5,256,0.544939372473853,0.5150761146383174,0.34334763948497854,0.01
25,4,0.5,256,0.5250817742405933,0.5198042536027282,0.3497854077253219,0.001
25,4,0.5,256,0.7868192424684362,0.6948228619739343,0.6137339055793991,0.0001
25,4,0.5,512,0.7544533105546065,0.6654922688402367,0.5793991416309013,0.1
25,4,0.5,512,0.5629661652568857,0.5251724022836247,0.38412017167381973,0.01
25,4,0.5,512,0.6405006458602441,0.593278022313352,0.4871244635193133,0.001
25,4,0.5,512,0.7900667736155673,0.6974446132630944,0.6158798283261803,0.0001
25,4,0.7,64,0.6336097337389058,0.5773256456922025,0.47639484978540775,0.1
25,4,0.7,64,0.564664152673028,0.5296099215336991,0.3969957081545064,0.01
25,4,0.7,64,0.5591066294428935,0.5203293896039347,0.34334763948497854,0.001
25,4,0.7,64,0.7581748197841576,0.6722464844214302,0.5879828326180258,0.0001
25,4,0.7,128,0.44920882120088335,0.33600967104206525,0.2918454935622318,0.1
25,4,0.7,128,0.5782324263510981,0.5327443494200205,0.39914163090128757,0.01
25,4,0.7,128,0.5784147256135672,0.5359592590967643,0.3905579399141631,0.001
25,4,0.7,128,0.7725295845660235,0.6827725691829141,0.5987124463519313,0.0001
25,4,0.7,256,0.7468019500812535,0.6196997015290504,0.5600858369098712,0.1
25,4,0.7,256,0.5276417767406976,0.5004849283157571,0.3218884120171674,0.01
25,4,0.7,256,0.5267094462269261,0.5284226800831809,0.3776824034334764,0.001
25,4,0.7,256,0.7868869536230676,0.6948498742330769,0.6137339055793991,0.0001
25,4,0.7,512,0.9006599233301388,0.8364777003328149,0.7553648068669528,0.1
25,4,0.7,512,0.5565570440435018,0.5203120536158289,0.3626609442060086,0.01
25,4,0.7,512,0.671866536105671,0.6119246841316246,0.5150214592274678,0.001
25,4,0.7,512,0.7905615858994126,0.6977587075837999,0.6180257510729614,0.0001
25,4,1.0,64,0.5796647776990708,0.5550954550974871,0.4613733905579399,0.1
25,4,1.0,64,0.5773886411933831,0.5394633655917498,0.4012875536480687,0.01
25,4,1.0,64,0.521691007958665,0.5089200598736618,0.33261802575107297,0.001
25,4,1.0,64,0.7584560815033959,0.6734585163579593,0.5965665236051502,0.0001
25,4,1.0,128,0.5430382515938164,0.44202530646623006,0.3798283261802575,0.1
25,4,1.0,128,0.5777923038459936,0.5338730850799278,0.38412017167381973,0.01
25,4,1.0,128,0.5388635984832701,0.525197893816229,0.3583690987124464,0.001
25,4,1.0,128,0.7844545606066919,0.691849647677696,0.6115879828326181,0.0001
25,4,1.0,256,0.5613358889953748,0.43758100306453906,0.39270386266094426,0.1
25,4,1.0,256,0.5690419392474686,0.5271158194288209,0.37339055793991416,0.01
25,4,1.0,256,0.5095342514271428,0.5168172645533592,0.3626609442060086,0.001
25,4,1.0,256,0.7812799491645483,0.6898325016956571,0.6094420600858369,0.0001
25,4,1.0,512,0.5790006875286471,0.5515223503079525,0.4721030042918455,0.1
25,4,1.0,512,0.5563096379015793,0.5139756019137711,0.3648068669527897,0.01
25,4,1.0,512,0.6519282053418893,0.6002754113815109,0.4978540772532189,0.001
25,4,1.0,512,0.7876057335722322,0.6955250065709147,0.6158798283261803,0.0001
5,6,0.1,64,0.5420199799991666,0.4336524552139768,0.38412017167381973,0.1
5,6,0.1,64,0.5642136130672111,0.530880387770899,0.3819742489270386,0.01
5,6,0.1,64,0.5066435059794159,0.5041350795655715,0.33261802575107297,0.001
5,6,0.1,64,0.688562544272678,0.6209123990048788,0.5321888412017167,0.0001
5,6,0.1,128,0.5927981374223927,0.4533214752864058,0.4334763948497854,0.1
5,6,0.1,128,0.565528772032168,0.5310633652546771,0.3948497854077253,0.01
5,6,0.1,128,0.5423324930205424,0.5242161951601916,0.36695278969957085,0.001
5,6,0.1,128,0.788329722071753,0.6953801665229725,0.6158798283261803,0.0001
5,6,0.1,256,0.45106566940289183,0.4710247154767392,0.30042918454935624,0.1
5,6,0.1,256,0.5169538314096421,0.5076850814660461,0.315450643776824,0.01
5,6,0.1,256,0.5198966623609317,0.523616390901563,0.371244635193133,0.001
5,6,0.1,256,0.7858244093503897,0.6938960412239448,0.6137339055793991,0.0001
5,6,0.1,512,0.7873192633026376,0.6966700159558841,0.6351931330472103,0.1
5,6,0.1,512,0.5359259760823367,0.5165553650135535,0.3261802575107296,0.01
5,6,0.1,512,0.6524021834243093,0.5993712342798414,0.5042918454935622,0.001
5,6,0.1,512,0.7895146672778032,0.6973214921529169,0.6158798283261803,0.0001
5,6,0.3,64,0.5104665819409142,0.4245073570894015,0.36909871244635195,0.1
5,6,0.3,64,0.5738546397766574,0.5419986949488739,0.3755364806866953,0.01
5,6,0.3,64,0.5675705237718238,0.5297114835202446,0.3497854077253219,0.001
5,6,0.3,64,0.7529428309512896,0.6654616662111857,0.5836909871244635,0.0001
5,6,0.3,128,0.7994708112838035,0.6965797442784258,0.6137339055793991,0.1
5,6,0.3,128,0.5321497770740448,0.5015538197892474,0.3369098712446352,0.01
5,6,0.3,128,0.5360067086128588,0.524904264295888,0.3626609442060086,0.001
5,6,0.3,128,0.7811757781574231,0.6895481803440809,0.6072961373390557,0.0001
5,6,0.3,256,0.8985765031876327,0.868156408488572,0.7789699570815449,0.1
5,6,0.3,256,0.501239634984791,0.487638696856874,0.33047210300429186,0.01
5,6,0.3,256,0.4966587149464561,0.509550326023753,0.351931330472103,0.001
5,6,0.3,256,0.7885224384349347,0.6962602425702634,0.6137339055793991,0.0001
5,6,0.3,512,0.7871760281678403,0.6790061883986841,0.6201716738197425,0.1
5,6,0.3,512,0.5546845701904246,0.5175993845323064,0.3583690987124464,0.01
5,6,0.3,512,0.6607306554439769,0.6054448460339752,0.5085836909871244,0.001
5,6,0.3,512,0.7838034918121588,0.6914862867597555,0.6115879828326181,0.0001
5,6,0.5,64,0.5992046543605983,0.4706857483782136,0.44420600858369097,0.1
5,6,0.5,64,0.5453222009250386,0.5189161832245883,0.3626609442060086,0.01
5,6,0.5,64,0.533019604983541,0.5214054551115906,0.3562231759656652,0.001
5,6,0.5,64,0.7601722988457853,0.6706347407353712,0.6008583690987125,0.0001
5,6,0.5,128,0.6301564648527022,0.5005437833496196,0.43776824034334766,0.1
5,6,0.5,128,0.5324492687195299,0.5161170208319974,0.34334763948497854,0.01
5,6,0.5,128,0.5192846576940705,0.5147701859357443,0.3626609442060086,0.001
5,6,0.5,128,0.7888922455102296,0.6967828337651628,0.6180257510729614,0.0001
5,6,0.5,256,0.3652548022834285,0.4268321947208089,0.2875536480686695,0.1
5,6,0.5,256,0.5383427434476437,0.5092166119794705,0.3261802575107296,0.01
5,6,0.5,256,0.5273605150214592,0.5242564027328565,0.36695278969957085,0.001
5,6,0.5,256,0.7856577357389891,0.6942176452467802,0.6137339055793991,0.0001
5,6,0.5,512,0.8439804783532646,0.7947768206354822,0.6738197424892703,0.1
5,6,0.5,512,0.5376239634984791,0.5074161762270988,0.3497854077253219,0.01
5,6,0.5,512,0.6681241926746948,0.6118800217448157,0.5214592274678111,0.001
5,6,0.5,512,0.7885146256094004,0.6965015865925894,0.6158798283261803,0.0001
5,6,0.7,64,0.5681356514854785,0.48893245558541176,0.4334763948497854,0.1
5,6,0.7,64,0.5546897787407808,0.5216460355137046,0.3648068669527897,0.01
5,6,0.7,64,0.5230478353264719,0.500734822164574,0.33047210300429186,0.001
5,6,0.7,64,0.7280407516979874,0.650320826891975,0.5665236051502146,0.0001
5,6,0.7,128,0.6431596108171174,0.4645196198854825,0.4871244635193133,0.1
5,6,0.7,128,0.5625833368057003,0.5301688401297,0.36695278969957085,0.01
5,6,0.7,128,0.5510854618942456,0.5307533827364226,0.3605150214592274,0.001
5,6,0.7,128,0.7787850535438977,0.6869274140614255,0.6051502145922747,0.0001
5,6,0.7,256,0.8046637359889997,0.7682230722583985,0.6630901287553648,0.1
5,6,0.7,256,0.5473274928122005,0.5135453477670995,0.3497854077253219,0.01
5,6,0.7,256,0.500984416017334,0.5127644129718674,0.34549356223175964,0.001
5,6,0.7,256,0.7908636818200758,0.698391892794637,0.6180257510729614,0.0001
5,6,0.7,512,0.7852019875828159,0.690895458814005,0.6158798283261803,0.1
5,6,0.7,512,0.5294074753114713,0.5157352378327588,0.34549356223175964,0.01
5,6,0.7,512,0.6475998999958332,0.5977451480162479,0.49356223175965663,0.001
5,6,0.7,512,0.785616067336139,0.694863393494751,0.6137339055793991,0.0001
5,6,1.0,64,0.7201471936330681,0.602413454414768,0.5536480686695279,0.1
5,6,1.0,64,0.5355561690070418,0.5217024401400869,0.36909871244635195,0.01
5,6,1.0,64,0.5444315388141172,0.5177901037795196,0.3497854077253219,0.001
5,6,1.0,64,0.7907777407391975,0.6980130892951307,0.628755364806867,0.0001
5,6,1.0,128,0.5303658485770241,0.3825902947325668,0.3562231759656652,0.1
5,6,1.0,128,0.5610988999541648,0.5361810558234967,0.3819742489270386,0.01
5,6,1.0,128,0.5402620942539273,0.5206231526243916,0.351931330472103,0.001
5,6,1.0,128,0.7860327513646402,0.6931979979593432,0.6115879828326181,0.0001
5,6,1.0,256,0.6412715113129714,0.5260491930688298,0.4721030042918455,0.1
5,6,1.0,256,0.5177455310637943,0.5056859034642427,0.3369098712446352,0.01
5,6,1.0,256,0.5276547981165882,0.5256710316696372,0.3755364806866953,0.001
5,6,1.0,256,0.7899521855077296,0.6972997519706603,0.6180257510729614,0.0001
5,6,1.0,512,0.6177106337764073,0.49590725040430683,0.4699570815450644,0.1
5,6,1.0,512,0.555460644193508,0.5264158197880946,0.351931330472103,0.01
5,6,1.0,512,0.6775204175173967,0.617488576571337,0.5236051502145923,0.001
5,6,1.0,512,0.7872046751947999,0.6952685590852845,0.6115879828326181,0.0001
10,6,0.1,64,0.5626458394099754,0.4052069728596854,0.39914163090128757,0.1
10,6,0.1,64,0.5700992749697904,0.5371290540119755,0.38412017167381973,0.01
10,6,0.1,64,0.5621432143005958,0.530480184167522,0.3626609442060086,0.001
10,6,0.1,64,0.7596071711321305,0.6739365826328346,0.592274678111588,0.0001
10,6,0.1,128,0.4917027792824701,0.41135960737077537,0.34549356223175964,0.1
10,6,0.1,128,0.5484551439643318,0.5181357793439523,0.36909871244635195,0.01
10,6,0.1,128,0.5527495937330722,0.5305315230860262,0.3605150214592274,0.001
10,6,0.1,128,0.7810950456269011,0.6892429884122486,0.6094420600858369,0.0001
10,6,0.1,256,0.6310262927621985,0.492278549295414,0.44420600858369097,0.1
10,6,0.1,256,0.551996958206592,0.5264365040606663,0.3626609442060086,0.01
10,6,0.1,256,0.5104066836118171,0.5178000029003814,0.3626609442060086,0.001
10,6,0.1,256,0.7850795866494437,0.6928736867786469,0.6115879828326181,0.0001
10,6,0.1,512,0.8135391057960748,0.7244183635525112,0.6394849785407726,0.1
10,6,0.1,512,0.550502104254344,0.5218364324835703,0.3648068669527897,0.01
10,6,0.1,512,0.6712779699154132,0.6138097398901089,0.5171673819742489,0.001
10,6,0.1,512,0.787170819617484,0.6951532127581158,0.6137339055793991,0.0001
10,6,0.3,64,0.48657496145672735,0.37473336516789857,0.351931330472103,0.1
10,6,0.3,64,0.5601926121921746,0.5299469911342782,0.3905579399141631,0.01
10,6,0.3,64,0.5803913704737698,0.5361541901486306,0.37339055793991416,0.001
10,6,0.3,64,0.7430700237509895,0.6635513941500825,0.5793991416309013,0.0001
10,6,0.3,128,0.550934413933914,0.4305386670062087,0.4184549356223176,0.1
10,6,0.3,128,0.5373479103295971,0.517070951719791,0.3562231759656652,0.01
10,6,0.3,128,0.5232900329180382,0.5202259497951898,0.3369098712446352,0.001
10,6,0.3,128,0.7866968415350639,0.6949228335541779,0.6137339055793991,0.0001
10,6,0.3,256,0.6762443226801116,0.5282215066624872,0.5450643776824035,0.1
10,6,0.3,256,0.5444185174382266,0.5155765346960954,0.3583690987124464,0.01
10,6,0.3,256,0.5037319263302638,0.5192831603906066,0.371244635193133,0.001
10,6,0.3,256,0.7851082336764031,0.6935318163693032,0.6158798283261803,0.0001
10,6,0.3,512,0.7040970457102379,0.5797801219447904,0.5450643776824035,0.1
10,6,0.3,512,0.5218264302679279,0.5085885151769316,0.33905579399141633,0.01
10,6,0.3,512,0.6464305804408517,0.5972897514543789,0.4871244635193133,0.001
10,6,0.3,512,0.7878713696404016,0.6950219078312383,0.6137339055793991,0.0001
10,6,0.5,64,0.6070773782240927,0.47409391836669373,0.43991416309012876,0.1
10,6,0.5,64,0.5591873619734156,0.5266695907283636,0.3776824034334764,0.01
10,6,0.5,64,0.563778699112463,0.5283995122512436,0.3776824034334764,0.001
10,6,0.5,64,0.6892344472686361,0.6233046811902101,0.5364806866952789,0.0001
10,6,0.5,128,0.8035725446893621,0.6917961035240745,0.6266094420600858,0.1
10,6,0.5,128,0.5638125546897788,0.5273603453932252,0.36909871244635195,0.01
10,6,0.5,128,0.5211545272719696,0.5157275807120006,0.3497854077253219,0.001
10,6,0.5,128,0.7867046543605983,0.6951138676900049,0.6115879828326181,0.0001
10,6,0.5,256,0.8239666236093169,0.6375419739475148,0.6716738197424893,0.1
10,6,0.5,256,0.547022792616359,0.5166672626822026,0.37339055793991416,0.01
10,6,0.5,256,0.5097035293137213,0.5170083307560049,0.3562231759656652,0.001
10,6,0.5,256,0.7923559314971458,0.7001017552835203,0.6180257510729614,0.0001
10,6,0.5,512,0.754521021709238,0.6596714037329889,0.6008583690987125,0.1
10,6,0.5,512,0.49831242968457024,0.4934936868321609,0.31759656652360513,0.01
10,6,0.5,512,0.6534855618984124,0.6011732113819562,0.49356223175965663,0.001
10,6,0.5,512,0.7887594274761449,0.696281075908865,0.6137339055793991,0.0001
10,6,0.7,64,0.872522032168007,0.8618694141498244,0.7660944206008585,0.1
10,6,0.7,64,0.5648959331638819,0.5352728653344783,0.3948497854077253,0.01
10,6,0.7,64,0.5408949331222135,0.51934784407934,0.36909871244635195,0.001
10,6,0.7,64,0.7702508437851578,0.6819807267554174,0.6072961373390557,0.0001
10,6,0.7,128,0.5352462602608442,0.4478257954236055,0.42703862660944214,0.1
10,6,0.7,128,0.575323450977124,0.5358855230546034,0.39270386266094426,0.01
10,6,0.7,128,0.5511948414517271,0.5301859061206475,0.3626609442060086,0.001
10,6,0.7,128,0.7805507521146715,0.6894200711218288,0.6072961373390557,0.0001
10,6,0.7,256,0.5668751822992625,0.37865131038345545,0.45278969957081544,0.1
10,6,0.7,256,0.5661433809742074,0.5304488383013283,0.36695278969957085,0.01
10,6,0.7,256,0.4859317054877287,0.5059101250595994,0.34334763948497854,0.001
10,6,0.7,256,0.787600525021876,0.6953103177296641,0.6158798283261803,0.0001
10,6,0.7,512,0.5263604733530564,0.4355545535577588,0.3948497854077253,0.1
10,6,0.7,512,0.5371604025167716,0.5100626016250962,0.34120171673819744,0.01
10,6,0.7,512,0.6562981790907955,0.6024435952631613,0.5,0.001
10,6,0.7,512,0.7848894745614401,0.6937066498503494,0.6094420600858369,0.0001
10,6,1.0,64,0.6340133963915162,0.477924855830437,0.45064377682403434,0.1
10,6,1.0,64,0.5580206466936123,0.5272040600522967,0.3755364806866953,0.01
10,6,1.0,64,0.5468717446560274,0.5211624460792776,0.3497854077253219,0.001
10,6,1.0,64,0.7545574815617317,0.6676377143845715,0.5879828326180258,0.0001
10,6,1.0,128,0.6026969873744739,0.5429927019012937,0.5150214592274678,0.1
10,6,1.0,128,0.5831180465852743,0.539182388444156,0.3905579399141631,0.01
10,6,1.0,128,0.5231181507562814,0.5181843260625689,0.351931330472103,0.001
10,6,1.0,128,0.7862957831576316,0.6945970329321243,0.6115879828326181,0.0001
10,6,1.0,256,0.6743848702029251,0.5003377541272174,0.5579399141630901,0.1
10,6,1.0,256,0.5437596358181591,0.5162281892318574,0.3497854077253219,0.01
10,6,1.0,256,0.49720561273386393,0.5095129663436111,0.34549356223175964,0.001
10,6,1.0,256,0.7876187549481227,0.6953614901948328,0.6137339055793991,0.0001
10,6,1.0,512,0.8324852077169883,0.7570029564288583,0.6759656652360515,0.1
10,6,1.0,512,0.540256885703571,0.5167356884669774,0.3605150214592274,0.01
10,6,1.0,512,0.6608139922496771,0.6052737146500944,0.5107296137339056,0.001
10,6,1.0,512,0.7871838409933747,0.6951328771261748,0.6137339055793991,0.0001
15,6,0.1,64,0.5756984666027751,0.4600736804014987,0.41416309012875535,0.1
15,6,0.1,64,0.5643646610275428,0.5241278627743411,0.4012875536480687,0.01
15,6,0.1,64,0.5553851202133422,0.5232133932682893,0.34549356223175964,0.001
15,6,0.1,64,0.779261635901496,0.6926758345502196,0.6094420600858369,0.0001
15,6,0.1,128,0.5549215592316347,0.44011139435251045,0.44206008583690987,0.1
15,6,0.1,128,0.5749536439018292,0.532737541398817,0.4077253218884121,0.01
15,6,0.1,128,0.5215061044210176,0.5153448434750042,0.3583690987124464,0.001
15,6,0.1,128,0.7827435518146589,0.691320955990847,0.6115879828326181,0.0001
15,6,0.1,256,0.6083873286386933,0.4617315318553248,0.4549356223175965,0.1
15,6,0.1,256,0.5621119629984582,0.5242735653373649,0.371244635193133,0.01
15,6,0.1,256,0.5418454935622318,0.5346426525024053,0.3948497854077253,0.001
15,6,0.1,256,0.7883609733738906,0.6960934351785261,0.6137339055793991,0.0001
15,6,0.1,512,0.5344389349556232,0.4062466597417087,0.3798283261802575,0.1
15,6,0.1,512,0.5527105296054002,0.5222325587579525,0.3626609442060086,0.01
15,6,0.1,512,0.6612957831576316,0.6051405121391382,0.5064377682403434,0.001
15,6,0.1,512,0.7844519563315139,0.6930497009238266,0.6115879828326181,0.0001
15,6,0.3,64,0.8009305075211467,0.7116057010160949,0.628755364806867,0.1
15,6,0.3,64,0.592727821992583,0.5518213723412442,0.4098712446351932,0.01
15,6,0.3,64,0.5669402891787158,0.5347241502870879,0.36909871244635195,0.001
15,6,0.3,64,0.7445101879244969,0.6629456321005205,0.5879828326180258,0.0001
15,6,0.3,128,0.6450086461935914,0.5518543945645751,0.5171673819742489,0.1
15,6,0.3,128,0.5532704487686988,0.5241229592071626,0.38412017167381973,0.01
15,6,0.3,128,0.545843055960665,0.5276531554383553,0.351931330472103,0.001
15,6,0.3,128,0.7856421100879205,0.6931070497342733,0.6137339055793991,0.0001
15,6,0.3,256,0.46647256135672327,0.41332163697449886,0.3369098712446352,0.1
15,6,0.3,256,0.5265818367431976,0.5046458306130466,0.34120171673819744,0.01
15,6,0.3,256,0.4916845493562232,0.5117507182196703,0.3605150214592274,0.001
15,6,0.3,256,0.7827018834118088,0.6914459093754792,0.6094420600858369,0.0001
15,6,0.3,512,0.7422210300429184,0.6420598113711802,0.6030042918454935,0.1
15,6,0.3,512,0.5702060502520938,0.5192186402227676,0.38626609442060084,0.01
15,6,0.3,512,0.6857316971540481,0.623910465854168,0.5321888412017167,0.001
15,6,0.3,512,0.7891214217259053,0.6970463327366452,0.6201716738197425,0.0001
15,6,0.5,64,0.8461876015667319,0.7459361523897429,0.7060085836909872,0.1
15,6,0.5,64,0.5851493812242177,0.5487087484743631,0.4012875536480687,0.01
15,6,0.5,64,0.5515854827284471,0.518657390248623,0.34549356223175964,0.001
15,6,0.5,64,0.7838581815908996,0.6901641851535069,0.6051502145922747,0.0001
15,6,0.5,128,0.6756114838118255,0.5546659081135632,0.5,0.1
15,6,0.5,128,0.560239489145381,0.5237223446169338,0.3969957081545064,0.01
15,6,0.5,128,0.5836883828492854,0.5400146644457732,0.371244635193133,0.001
15,6,0.5,128,0.7908714946456102,0.6977385082923638,0.6180257510729614,0.0001
15,6,0.5,256,0.800347149881245,0.7609401181839024,0.6416309012875536,0.1
15,6,0.5,256,0.5680705446060252,0.5385235589351287,0.4077253218884121,0.01
15,6,0.5,256,0.5046199841660068,0.5128011549134438,0.3562231759656652,0.001
15,6,0.5,256,0.783097733238885,0.6920953837691389,0.6115879828326181,0.0001
15,6,0.5,512,0.7715347514479771,0.6974623209766027,0.5944206008583691,0.1
15,6,0.5,512,0.5479290803783491,0.5126816005561133,0.3583690987124464,0.01
15,6,0.5,512,0.6657907621150881,0.6094475392519247,0.5128755364806867,0.001
15,6,0.5,512,0.7903219925830243,0.6982304634579966,0.6180257510729614,0.0001
15,6,0.7,64,0.2788592753864744,0.252474073592906,0.1759656652360515,0.1
15,6,0.7,64,0.5863239093295554,0.5450329031557021,0.4163090128755364,0.01
15,6,0.7,64,0.5119692487186966,0.5023221060018586,0.3369098712446352,0.001
15,6,0.7,64,0.7757172173840577,0.6864541253182743,0.6137339055793991,0.0001
15,6,0.7,128,0.4723321805075212,0.43557195153696904,0.3497854077253219,0.1
15,6,0.7,128,0.5710003541814241,0.5313450940370914,0.39270386266094426,0.01
15,6,0.7,128,0.5957852410517105,0.5461331300901258,0.4012875536480687,0.001
15,6,0.7,128,0.7855796074836451,0.6934224976215057,0.6094420600858369,0.0001
15,6,0.7,256,0.5128729322055086,0.36161390491451884,0.36909871244635195,0.1
15,6,0.7,256,0.5591274636443185,0.5221248882088814,0.3798283261802575,0.01
15,6,0.7,256,0.5171543605983583,0.5183086694710909,0.3583690987124464,0.001
15,6,0.7,256,0.7866681945081044,0.6942515980029486,0.6115879828326181,0.0001
15,6,0.7,512,0.6825128130338763,0.5918864832173008,0.5214592274678111,0.1
15,6,0.7,512,0.5120551897995749,0.4959926071264514,0.3283261802575107,0.01
15,6,0.7,512,0.6781610692112171,0.6174604665805401,0.5278969957081545,0.001
15,6,0.7,512,0.7879234551439643,0.6959242777605762,0.6158798283261803,0.0001
15,6,1.0,64,0.5765552731363807,0.4845189261794329,0.43991416309012876,0.1
15,6,1.0,64,0.5801465686070253,0.5452477793178674,0.4055793991416309,0.01
15,6,1.0,64,0.5170371682153423,0.49944732874265496,0.33047210300429186,0.001
15,6,1.0,64,0.792243947664486,0.6978912221806389,0.6244635193133047,0.0001
15,6,1.0,128,0.7894261219217468,0.7018660969575949,0.6330472103004292,0.1
15,6,1.0,128,0.5916184007666986,0.5487112398076072,0.4206008583690987,0.01
15,6,1.0,128,0.506627880328347,0.5115544434600049,0.33905579399141633,0.001
15,6,1.0,128,0.7829571023792659,0.6914879432468832,0.6115879828326181,0.0001
15,6,1.0,256,0.7215639193299721,0.6400378954764174,0.5343347639484979,0.1
15,6,1.0,256,0.5483197216550689,0.5218291713713805,0.371244635193133,0.01
15,6,1.0,256,0.4987056752364682,0.5132812493588286,0.3583690987124464,0.001
15,6,1.0,256,0.7921996749864579,0.6995274450161338,0.6158798283261803,0.0001
15,6,1.0,512,0.5925455227301137,0.4687713768053735,0.4184549356223176,0.1
15,6,1.0,512,0.5375848993708071,0.509209438402833,0.351931330472103,0.01
15,6,1.0,512,0.662663027626151,0.6078753657614024,0.5128755364806867,0.001
15,6,1.0,512,0.7905928372015502,0.6980211495226467,0.6180257510729614,0.0001
20,6,0.1,64,0.8469845097712405,0.7630329598878454,0.6931330472103004,0.1
20,6,0.1,64,0.5905350222925956,0.5525896062961568,0.4055793991416309,0.01
20,6,0.1,64,0.5681903412642193,0.5238913916060068,0.3497854077253219,0.001
20,6,0.1,64,0.686242135088962,0.6233587123384383,0.5386266094420601,0.0001
20,6,0.1,128,0.8440169382057585,0.7509449175699254,0.6952789699570815,0.1
20,6,0.1,128,0.5529943955998167,0.52133846239106,0.3798283261802575,0.01
20,6,0.1,128,0.5112140089170382,0.5138408782937229,0.33047210300429186,0.001
20,6,0.1,128,0.7769282053418892,0.6856665486494709,0.6030042918454935,0.0001
20,6,0.1,256,0.4146526938622443,0.42773304477599994,0.24892703862660945,0.1
20,6,0.1,256,0.5550804200175007,0.5203570277090659,0.3819742489270386,0.01
20,6,0.1,256,0.5224280178340763,0.5233131357224284,0.3626609442060086,0.001
20,6,0.1,256,0.7866447560315013,0.6949963082703878,0.6158798283261803,0.0001
20,6,0.1,512,0.8180913788074503,0.760673871502332,0.6545064377682404,0.1
20,6,0.1,512,0.5491218384099338,0.5158992693236251,0.3626609442060086,0.01
20,6,0.1,512,0.6749630192924705,0.6166823892662261,0.5236051502145923,0.001
20,6,0.1,512,0.7891891328805366,0.6965726559023635,0.6158798283261803,0.0001
20,6,0.3,64,0.5134953539730822,0.42110333851288084,0.3648068669527897,0.1
20,6,0.3,64,0.5593384099337472,0.5286181477899254,0.3969957081545064,0.01
20,6,0.3,64,0.537939080795033,0.5152988538216636,0.3197424892703863,0.001
20,6,0.3,64,0.760383245135214,0.6739174119127714,0.5987124463519313,0.0001
20,6,0.3,128,0.754367369473728,0.668475328380636,0.592274678111588,0.1
20,6,0.3,128,0.5940195424809367,0.5509668754860676,0.4163090128755364,0.01
20,6,0.3,128,0.5500229176215676,0.5243142029480077,0.34763948497854075,0.001
20,6,0.3,128,0.782115921496729,0.691417540915485,0.6115879828326181,0.0001
20,6,0.3,256,0.8878429830409601,0.8172562450899639,0.7832618025751072,0.1
20,6,0.3,256,0.584349868744531,0.5327509803151278,0.3905579399141631,0.01
20,6,0.3,256,0.5028464727696987,0.5148793474288949,0.3540772532188841,0.001
20,6,0.3,256,0.7831680486686946,0.6912582370122832,0.6094420600858369,0.0001
20,6,0.3,512,0.6787366140255844,0.5966593586384701,0.5021459227467812,0.1
20,6,0.3,512,0.5600676069836243,0.5184787317618829,0.36695278969957085,0.01
20,6,0.3,512,0.6749786449435393,0.6159047441281089,0.5278969957081545,0.001
20,6,0.3,512,0.7924002041751739,0.6993767054955727,0.6223175965665236,0.0001
20,6,0.5,64,0.5475827117796574,0.43472830351058883,0.4077253218884121,0.1
20,6,0.5,64,0.584743114296429,0.5441008669333781,0.4012875536480687,0.01
20,6,0.5,64,0.5037319263302638,0.4996299637589301,0.33261802575107297,0.001
20,6,0.5,64,0.7706232551356306,0.6820651703385924,0.6008583690987125,0.0001
20,6,0.5,128,0.5253734530605442,0.39841252132600924,0.3562231759656652,0.1
20,6,0.5,128,0.5416137130713781,0.513670884922085,0.36695278969957085,0.01
20,6,0.5,128,0.5450800033334722,0.5244861214123464,0.34549356223175964,0.001
20,6,0.5,128,0.7737848452018835,0.6829543944842384,0.6008583690987125,0.0001
20,6,0.5,256,0.8357535730655443,0.7451782689888709,0.6845493562231759,0.1
20,6,0.5,256,0.5748937455727322,0.5331176760770734,0.4012875536480687,0.01
20,6,0.5,256,0.49354400183340974,0.5093827835593872,0.3626609442060086,0.001
20,6,0.5,256,0.7827305304387683,0.6913575418347249,0.6115879828326181,0.0001
20,6,0.5,512,0.6645745656069002,0.5143359093541058,0.5,0.1
20,6,0.5,512,0.5458977457394059,0.5166604383388314,0.3497854077253219,0.01
20,6,0.5,512,0.666064211008792,0.6090837054439409,0.5085836909871244,0.001
20,6,0.5,512,0.7875666694445601,0.6961723622678894,0.6137339055793991,0.0001
20,6,0.7,64,0.6881575794824785,0.6174067170906004,0.5214592274678111,0.1
20,6,0.7,64,0.5563096379015793,0.5201636985856671,0.3755364806866953,0.01
20,6,0.7,64,0.5717399683320139,0.525002554034232,0.36909871244635195,0.001
20,6,0.7,64,0.7254677278219925,0.6480714411672042,0.5579399141630901,0.0001
20,6,0.7,128,0.6867708029501229,0.6130853084261637,0.5278969957081545,0.1
20,6,0.7,128,0.5670210217092378,0.5275443683616412,0.3905579399141631,0.01
20,6,0.7,128,0.5506687778657444,0.5258325796641912,0.34763948497854075,0.001
20,6,0.7,128,0.78642339264136,0.6945616554839888,0.6158798283261803,0.0001
20,6,0.7,256,0.548949956248177,0.4184815451362588,0.4098712446351932,0.1
20,6,0.7,256,0.5624479144964374,0.5231221533297188,0.39270386266094426,0.01
20,6,0.7,256,0.49758323263469306,0.51138266283173,0.3605150214592274,0.001
20,6,0.7,256,0.7877125088545356,0.695597270571792,0.6158798283261803,0.0001
20,6,0.7,512,0.3527542814283928,0.44910521733560455,0.27467811158798283,0.1
20,6,0.7,512,0.5881937789074545,0.5358486369985151,0.4098712446351932,0.01
20,6,0.7,512,0.65327982415934,0.601598334251825,0.4957081545064378,0.001
20,6,0.7,512,0.7920564398516606,0.6992131162580811,0.6180257510729614,0.0001
20,6,1.0,64,0.5862535938997459,0.47548467104856784,0.4163090128755364,0.1
20,6,1.0,64,0.5656485686903621,0.5328746184929484,0.4034334763948498,0.01
20,6,1.0,64,0.532863348472853,0.5147144872505451,0.3261802575107296,0.001
20,6,1.0,64,0.8008015958998292,0.7061867800072607,0.6416309012875536,0.0001
20,6,1.0,128,0.5548199924996875,0.45907865970146755,0.39914163090128757,0.1
20,6,1.0,128,0.5534214967290304,0.5203626161891451,0.3819742489270386,0.01
20,6,1.0,128,0.5616301720905038,0.5366753730608244,0.371244635193133,0.001
20,6,1.0,128,0.7788189091212133,0.6866074124265916,0.6030042918454935,0.0001
20,6,1.0,256,0.6412897412392182,0.516262234879532,0.4699570815450644,0.1
20,6,1.0,256,0.5642266344431017,0.5257985762862191,0.4077253218884121,0.01
20,6,1.0,256,0.5079560606691946,0.5188836625494102,0.3626609442060086,0.001
20,6,1.0,256,0.7866161090045418,0.6945790074627356,0.6137339055793991,0.0001
20,6,1.0,512,0.7183242010083754,0.6263425812099521,0.5622317596566524,0.1
20,6,1.0,512,0.5594556023167632,0.5252858286720028,0.38412017167381973,0.01
20,6,1.0,512,0.659001416725697,0.6044153573164562,0.5085836909871244,0.001
20,6,1.0,512,0.7873817659069128,0.6954137192070287,0.6137339055793991,0.0001
25,6,0.1,64,0.7894847181132547,0.7829084029997815,0.6909871244635193,0.1
25,6,0.1,64,0.5930481478394933,0.5566371680906952,0.42703862660944214,0.01
25,6,0.1,64,0.559846243593483,0.5234640988615589,0.3626609442060086,0.001
25,6,0.1,64,0.7514011000458352,0.6666456964371898,0.5858369098712446,0.0001
25,6,0.1,128,0.6647750947956165,0.5505473260551161,0.5278969957081545,0.1
25,6,0.1,128,0.600082295095629,0.5499148406862308,0.4334763948497854,0.01
25,6,0.1,128,0.5616301720905037,0.5332108385762889,0.3626609442060086,0.001
25,6,0.1,128,0.7936164006833617,0.7004789640083182,0.6223175965665236,0.0001
25,6,0.1,256,0.5719144547689488,0.5093071687957168,0.44635193133047213,0.1
25,6,0.1,256,0.573945789407892,0.5320961066889007,0.388412017167382,0.01
25,6,0.1,256,0.49250750031251295,0.5107552937119866,0.3583690987124464,0.001
25,6,0.1,256,0.7927127171965498,0.7000883949592137,0.6180257510729614,0.0001
25,6,0.1,512,0.7720087295303971,0.6844616876763094,0.6051502145922747,0.1
25,6,0.1,512,0.5797168632026335,0.532259422208113,0.4012875536480687,0.01
25,6,0.1,512,0.6508995166465269,0.6005224525012629,0.4957081545064378,0.001
25,6,0.1,512,0.7871656110671279,0.6951451591592265,0.6137339055793991,0.0001
25,6,0.3,64,0.5240296470686279,0.41924002953406914,0.3948497854077253,0.1
25,6,0.3,64,0.5780240843368474,0.5374052393999436,0.3969957081545064,0.01
25,6,0.3,64,0.5342566356931538,0.5069122752723454,0.30686695278969955,0.001
25,6,0.3,64,0.7797903037626568,0.688911419525406,0.6008583690987125,0.0001
25,6,0.3,128,0.5191987166131922,0.4520301681163721,0.39914163090128757,0.1
25,6,0.3,128,0.5743676819867495,0.5326915336924009,0.3969957081545064,0.01
25,6,0.3,128,0.563424517688237,0.5330556046594753,0.36695278969957085,0.001
25,6,0.3,128,0.7864442268427851,0.6942695852244293,0.6115879828326181,0.0001
25,6,0.3,256,0.7976191716321515,0.7050611250868404,0.6244635193133047,0.1
25,6,0.3,256,0.5733103462644277,0.5366385885645184,0.41201716738197425,0.01
25,6,0.3,256,0.5268292428851202,0.5240402238792164,0.3562231759656652,0.001
25,6,0.3,256,0.7876890703779325,0.696149882716294,0.6137339055793991,0.0001
25,6,0.3,512,0.6522381140880871,0.5548547969339499,0.5,0.1
25,6,0.3,512,0.5934700404183508,0.5352356417184335,0.4206008583690987,0.01
25,6,0.3,512,0.6545168548689528,0.603438249791248,0.5064377682403434,0.001
25,6,0.3,512,0.7877724071836325,0.695342382646536,0.6158798283261803,0.0001
25,6,0.5,64,0.43420689403725155,0.3151890464638921,0.3240343347639485,0.1
25,6,0.5,64,0.6006890912121339,0.555938000204145,0.4334763948497854,0.01
25,6,0.5,64,0.579117879911663,0.5377497849569102,0.36909871244635195,0.001
25,6,0.5,64,0.7834441018375766,0.6942047762999797,0.6201716738197425,0.0001
25,6,0.5,128,0.8370713363056794,0.7428102234379168,0.6738197424892703,0.1
25,6,0.5,128,0.5997541564231843,0.5568806033239787,0.4248927038626609,0.01
25,6,0.5,128,0.5649037459894162,0.5371856507718717,0.3755364806866953,0.001
25,6,0.5,128,0.7816367348639527,0.6909106357416057,0.6094420600858369,0.0001
25,6,0.5,256,0.8312351556314846,0.7393656759133969,0.6802575107296137,0.1
25,6,0.5,256,0.5592003833493062,0.5175635835685508,0.38626609442060084,0.01
25,6,0.5,256,0.5286991124630193,0.526910861418344,0.37339055793991416,0.001
25,6,0.5,256,0.7871291512146339,0.695422257490069,0.6158798283261803,0.0001
25,6,0.5,512,0.4577508437851577,0.4917468072569805,0.3540772532188841,0.1
25,6,0.5,512,0.5570180007500312,0.5173939031111947,0.36695278969957085,0.01
25,6,0.5,512,0.6671606108587858,0.6120269492970836,0.5214592274678111,0.001
25,6,0.5,512,0.786993728905371,0.69413492249133,0.6180257510729614,0.0001
25,6,0.7,64,0.49930726280261684,0.3804006119947682,0.3583690987124464,0.1
25,6,0.7,64,0.5766750697945748,0.5374648454128212,0.4098712446351932,0.01
25,6,0.7,64,0.5278579315804826,0.5078606922275092,0.3218884120171674,0.001
25,6,0.7,64,0.7410803575148964,0.6580376515599218,0.575107296137339,0.0001
25,6,0.7,128,0.6379302262594274,0.5060437833022495,0.463519313304721,0.1
25,6,0.7,128,0.5612785949414558,0.5224841492862069,0.38412017167381973,0.01
25,6,0.7,128,0.5617786157756574,0.5293702475232711,0.3540772532188841,0.001
25,6,0.7,128,0.7898818700779199,0.6968588891561923,0.6137339055793991,0.0001
25,6,0.7,256,0.805481478394933,0.71683843556439,0.6566523605150214,0.1
25,6,0.7,256,0.5834956664861036,0.5329724395170348,0.4055793991416309,0.01
25,6,0.7,256,0.4864655818992458,0.5078529774962786,0.3497854077253219,0.001
25,6,0.7,256,0.7833060752531356,0.6913547426327652,0.6115879828326181,0.0001
25,6,0.7,512,0.4176684445185216,0.46810865474148006,0.33261802575107297,0.1
25,6,0.7,512,0.5749432268011168,0.527912469292928,0.3969957081545064,0.01
25,6,0.7,512,0.6541730905454394,0.6022453782220957,0.5,0.001
25,6,0.7,512,0.7864181840910038,0.6941393874074926,0.6137339055793991,0.0001
25,6,1.0,64,0.6993155964831869,0.5680451624956095,0.5515021459227468,0.1
25,6,1.0,64,0.5969181007541982,0.5573164663407775,0.4334763948497854,0.01
25,6,1.0,64,0.5696226926121922,0.530433190655853,0.3583690987124464,0.001
25,6,1.0,64,0.6743093462227592,0.614366584921795,0.5150214592274678,0.0001
25,6,1.0,128,0.45528459519146636,0.4898478816321386,0.3369098712446352,0.1
25,6,1.0,128,0.589381328388683,0.5381550423605932,0.4184549356223176,0.01
25,6,1.0,128,0.547317075711488,0.528515069911026,0.34549356223175964,0.001
25,6,1.0,128,0.7793371598816619,0.6884791759695646,0.6072961373390557,0.0001
25,6,1.0,256,0.6646618088253677,0.5862305446460949,0.5257510729613734,0.1
25,6,1.0,256,0.6132625317721572,0.5636770694640943,0.44420600858369097,0.01
25,6,1.0,256,0.4991952789699571,0.5080656058972022,0.33047210300429186,0.001
25,6,1.0,256,0.7890719404975207,0.6967391552872251,0.6158798283261803,0.0001
25,6,1.0,512,0.603129297054044,0.4828781239884923,0.49141630901287553,0.1
25,6,1.0,512,0.5701331305471061,0.5279503033201247,0.38626609442060084,0.01
25,6,1.0,512,0.6653506396099838,0.610314515127027,0.5085836909871244,0.001
25,6,1.0,512,0.7856264844368515,0.6929263184721363,0.6137339055793991,0.0001
5,8,0.1,64,0.4923212946372766,0.4972640312806864,0.3583690987124464,0.1
5,8,0.1,64,0.5712373432226343,0.5345979845479437,0.39270386266094426,0.01
5,8,0.1,64,0.5445278969957081,0.5143577531737015,0.3369098712446352,0.001
5,8,0.1,64,0.7150584399349973,0.640046770153569,0.5536480686695279,0.0001
5,8,0.1,128,0.5107816992374683,0.3998938664153393,0.3948497854077253,0.1
5,8,0.1,128,0.5681512771365475,0.5312231807514408,0.39270386266094426,0.01
5,8,0.1,128,0.5512625526063586,0.5282047023085482,0.3626609442060086,0.001
5,8,0.1,128,0.7827982415933998,0.6911627798447632,0.6115879828326181,0.0001
5,8,0.1,256,0.5850217717404892,0.4661336519797633,0.4656652360515021,0.1
5,8,0.1,256,0.5236624442685112,0.49836790578519913,0.3369098712446352,0.01
5,8,0.1,256,0.4982994083086796,0.5161647530114993,0.3540772532188841,0.001
5,8,0.1,256,0.7829883536814034,0.6921407495300631,0.6094420600858369,0.0001
5,8,0.1,512,0.799184341014209,0.6733953787121009,0.6137339055793991,0.1
5,8,0.1,512,0.5353712654693945,0.5119381241968445,0.34549356223175964,0.01
5,8,0.1,512,0.653456914871453,0.601778542961049,0.4957081545064378,0.001
5,8,0.1,512,0.7871577982415934,0.694691628228497,0.6158798283261803,0.0001
5,8,0.3,64,0.5214826659444143,0.4121669491031269,0.38412017167381973,0.1
5,8,0.3,64,0.5435278553273053,0.5152170210660201,0.34120171673819744,0.01
5,8,0.3,64,0.578232426351098,0.5371558460384565,0.371244635193133,0.001
5,8,0.3,64,0.7355566898620775,0.6560249943484544,0.575107296137339,0.0001
5,8,0.3,128,0.6316981957581567,0.4894827384836228,0.48068669527896996,0.1
5,8,0.3,128,0.5640417309054544,0.527941044639196,0.3562231759656652,0.01
5,8,0.3,128,0.527355306471103,0.5132071476706602,0.36909871244635195,0.001
5,8,0.3,128,0.7738838076586524,0.6836365575905212,0.6051502145922747,0.0001
5,8,0.3,256,0.6198044710196258,0.48826221469894204,0.4592274678111588,0.1
5,8,0.3,256,0.5033152423017626,0.500973611246478,0.3283261802575107,0.01
5,8,0.3,256,0.5264828742864287,0.5232822236162036,0.3648068669527897,0.001
5,8,0.3,256,0.7885172298845785,0.6956078399451424,0.6137339055793991,0.0001
5,8,0.3,512,0.640969415392308,0.5192785881574606,0.48068669527896996,0.1
5,8,0.3,512,0.5384625401058378,0.5119537113134618,0.3562231759656652,0.01
5,8,0.3,512,0.670762323430143,0.6127084235062459,0.5214592274678111,0.001
5,8,0.3,512,0.7880797116546524,0.696223369998197,0.6158798283261803,0.0001
5,8,0.5,64,0.7902881370057085,0.6851228155676736,0.6094420600858369,0.1
5,8,0.5,64,0.5642136130672111,0.5328287159600469,0.371244635193133,0.01
5,8,0.5,64,0.5533069086211926,0.5196219213635607,0.3261802575107296,0.001
5,8,0.5,64,0.72498333263886,0.649832684041997,0.5622317596566524,0.0001
5,8,0.5,128,0.4174262469269553,0.39906753431597414,0.2918454935622318,0.1
5,8,0.5,128,0.5383635776490687,0.5109779625066563,0.3369098712446352,0.01
5,8,0.5,128,0.5401344847701988,0.5239805429327308,0.36909871244635195,0.001
5,8,0.5,128,0.7770375848993709,0.6858995196522996,0.6008583690987125,0.0001
5,8,0.5,256,0.8280345014375599,0.7604753059961668,0.6866952789699571,0.1
5,8,0.5,256,0.5306366931955498,0.5033126044663078,0.34763948497854075,0.01
5,8,0.5,256,0.5245869619567481,0.5248234240478871,0.371244635193133,0.001
5,8,0.5,256,0.7905798158256593,0.6975273351569794,0.6158798283261803,0.0001
5,8,0.5,512,0.566687674486437,0.553057459090474,0.4163090128755364,0.1
5,8,0.5,512,0.5224176007333639,0.5070986931496406,0.3562231759656652,0.01
5,8,0.5,512,0.659613421392558,0.6049685282291563,0.5064377682403434,0.001
5,8,0.5,512,0.7922621775907329,0.6997255136831525,0.6201716738197425,0.0001
5,8,0.7,64,0.6242525730238759,0.5258464254347748,0.4721030042918455,0.1
5,8,0.7,64,0.5629635609817076,0.5241243760846175,0.36909871244635195,0.01
5,8,0.7,64,0.5765162090087087,0.5394787314106685,0.38412017167381973,0.001
5,8,0.7,64,0.7602894912288013,0.6749834273668915,0.5965665236051502,0.0001
5,8,0.7,128,0.7104540814200593,0.603140682308699,0.592274678111588,0.1
5,8,0.7,128,0.5494708112838035,0.5219800445250706,0.36909871244635195,0.01
5,8,0.7,128,0.5290376682361765,0.5184500190415127,0.34334763948497854,0.001
5,8,0.7,128,0.7860015000625027,0.6943091298234583,0.6115879828326181,0.0001
5,8,0.7,256,0.6785907746156089,0.578004782773345,0.5128755364806867,0.1
5,8,0.7,256,0.5360900454185591,0.5137192427272642,0.3562231759656652,0.01
5,8,0.7,256,0.5099248927038627,0.5148581348835333,0.34120171673819744,0.001
5,8,0.7,256,0.7850639609983749,0.6929813474030635,0.6115879828326181,0.0001
5,8,0.7,512,0.6153667861160882,0.5106491235207525,0.4892703862660944,0.1
5,8,0.7,512,0.54889005791908,0.509173880503671,0.3497854077253219,0.01
5,8,0.7,512,0.6621083170132089,0.6067328998213419,0.5150214592274678,0.001
5,8,0.7,512,0.7888662027584483,0.697128610025244,0.6201716738197425,0.0001
5,8,1.0,64,0.8164415704821033,0.7242530485138337,0.6351931330472103,0.1
5,8,1.0,64,0.5455305429392892,0.5241089675542816,0.3819742489270386,0.01
5,8,1.0,64,0.5301314638109921,0.5137458729242698,0.34549356223175964,0.001
5,8,1.0,64,0.7469556023167633,0.6600383473329156,0.5772532188841202,0.0001
5,8,1.0,128,0.5444549772907205,0.44462055561276,0.3969957081545064,0.1
5,8,1.0,128,0.5666121505062711,0.5343758340689421,0.38626609442060084,0.01
5,8,1.0,128,0.5237145297720738,0.5144479032131597,0.3497854077253219,0.001
5,8,1.0,128,0.779774678111588,0.6886062404973365,0.6072961373390557,0.0001
5,8,1.0,256,0.5594582065919413,0.39120901217498016,0.38626609442060084,0.1
5,8,1.0,256,0.5297043626817783,0.5079586853240543,0.3240343347639485,0.01
5,8,1.0,256,0.4888172423850994,0.5090870189675001,0.34334763948497854,0.001
5,8,1.0,256,0.7819179965831909,0.6910300593224687,0.6094420600858369,0.0001
5,8,1.0,512,0.8258625359389975,0.7605976570785066,0.6995708154506438,0.1
5,8,1.0,512,0.5185632734697279,0.5023490712009413,0.34334763948497854,0.01
5,8,1.0,512,0.6583685778574108,0.6050274963216228,0.5107296137339056,0.001
5,8,1.0,512,0.7882646151922996,0.6963086228250489,0.6158798283261803,0.0001
10,8,0.1,64,0.5134276428184508,0.3932111401393805,0.33905579399141633,0.1
10,8,0.1,64,0.5829852285511896,0.5531178372309643,0.4206008583690987,0.01
10,8,0.1,64,0.5554476228176174,0.5270070450126912,0.37339055793991416,0.001
10,8,0.1,64,0.6784371223800991,0.6153461295083235,0.5150214592274678,0.0001
10,8,0.1,128,0.5148391599649985,0.4066059115966211,0.3755364806866953,0.1
10,8,0.1,128,0.5798835368140339,0.5492160085639599,0.41416309012875535,0.01
10,8,0.1,128,0.5395224801033376,0.5233501671705973,0.34549356223175964,0.001
10,8,0.1,128,0.7808736822367599,0.689604222959349,0.6094420600858369,0.0001
10,8,0.1,256,0.5752765740239177,0.43507131475952154,0.42703862660944214,0.1
10,8,0.1,256,0.5786569232051335,0.529302411558601,0.4098712446351932,0.01
10,8,0.1,256,0.5170189382890954,0.5180508797791723,0.33905579399141633,0.001
10,8,0.1,256,0.7842826784449352,0.692464458271326,0.6094420600858369,0.0001
10,8,0.1,512,0.526136505687737,0.4585334313776636,0.388412017167382,0.1
10,8,0.1,512,0.49849993749739574,0.4915619263659646,0.33047210300429186,0.01
10,8,0.1,512,0.6728978290762115,0.6144741601134396,0.5214592274678111,0.001
10,8,0.1,512,0.7881239843326806,0.696194061429336,0.6158798283261803,0.0001
10,8,0.3,64,0.8320828472019668,0.7776307177768929,0.6781115879828327,0.1
10,8,0.3,64,0.5931887786991125,0.5542378644892375,0.4206008583690987,0.01
10,8,0.3,64,0.5615077711571316,0.5240851488970197,0.3540772532188841,0.001
10,8,0.3,64,0.7728811617150715,0.6849336866141422,0.6051502145922747,0.0001
10,8,0.3,128,0.5469602900120839,0.4843026537133223,0.44206008583690987,0.1
10,8,0.3,128,0.6018323680153339,0.5516834886807245,0.4248927038626609,0.01
10,8,0.3,128,0.5641641318388266,0.5348225376704742,0.3798283261802575,0.001
10,8,0.3,128,0.7856264844368516,0.6937076977006452,0.6115879828326181,0.0001
10,8,0.3,256,0.4915933997249886,0.3766800668098176,0.34334763948497854,0.1
10,8,0.3,256,0.5435825451060461,0.5182498373989035,0.37339055793991416,0.01
10,8,0.3,256,0.48421288387016126,0.5089197149716774,0.34763948497854075,0.001
10,8,0.3,256,0.787522396766532,0.6954343369747253,0.6158798283261803,0.0001
10,8,0.3,512,0.6968962248427018,0.6228012700899992,0.5257510729613734,0.1
10,8,0.3,512,0.5142219467477811,0.49349362806902153,0.33905579399141633,0.01
10,8,0.3,512,0.6481103379307471,0.598144458387302,0.4957081545064378,0.001
10,8,0.3,512,0.7900251052127172,0.6976719902449795,0.6158798283261803,0.0001
10,8,0.5,64,0.5458196174840618,0.4947958463903114,0.45064377682403434,0.1
10,8,0.5,64,0.5849722905121046,0.5476311697900678,0.4034334763948498,0.01
10,8,0.5,64,0.518154402266761,0.5069862546716092,0.33261802575107297,0.001
10,8,0.5,64,0.7407808658694113,0.6603920349910192,0.5815450643776824,0.0001
10,8,0.5,128,0.6244869577899079,0.5116179486318211,0.4291845493562232,0.1
10,8,0.5,128,0.6016162131755489,0.5595722501434144,0.4227467811158798,0.01
10,8,0.5,128,0.536952060502521,0.5167087030646283,0.3583690987124464,0.001
10,8,0.5,128,0.7892802825117713,0.6962835905378794,0.6180257510729614,0.0001
10,8,0.5,256,0.4753843910162924,0.4463197844303011,0.351931330472103,0.1
10,8,0.5,256,0.5541975707321138,0.5244820962701007,0.3776824034334764,0.01
10,8,0.5,256,0.5084560815033959,0.5166817074460599,0.3648068669527897,0.001
10,8,0.5,256,0.785123859327472,0.6932336482387974,0.6094420600858369,0.0001
10,8,0.5,512,0.6096608192008001,0.4776965664823095,0.44206008583690987,0.1
10,8,0.5,512,0.5347879078294929,0.5096301546392664,0.371244635193133,0.01
10,8,0.5,512,0.6400683361806743,0.5931513831782701,0.4957081545064378,0.001
10,8,0.5,512,0.7857046126921955,0.6941166281160981,0.6115879828326181,0.0001
10,8,0.7,64,0.544486228592858,0.45338218450548523,0.3948497854077253,0.1
10,8,0.7,64,0.5943607025292721,0.5504276314311494,0.4248927038626609,0.01
10,8,0.7,64,0.5587133838909955,0.5207633199514641,0.3583690987124464,0.001
10,8,0.7,64,0.7501822992624693,0.6671042077686493,0.5879828326180258,0.0001
10,8,0.7,128,0.48546033168048663,0.35539477067082414,0.3626609442060086,0.1
10,8,0.7,128,0.566570482103421,0.5283825988276958,0.3905579399141631,0.01
10,8,0.7,128,0.5347175923996833,0.5203162589974012,0.34120171673819744,0.001
10,8,0.7,128,0.7820768573690571,0.690559562127687,0.6094420600858369,0.0001
10,8,0.7,256,0.5791986124421851,0.46503309957424754,0.4313304721030043,0.1
10,8,0.7,256,0.5503979332472186,0.5177626982548948,0.34549356223175964,0.01
10,8,0.7,256,0.5028334513938081,0.5171743605740992,0.3605150214592274,0.001
10,8,0.7,256,0.7870119588316179,0.6944797839577741,0.6137339055793991,0.0001
10,8,0.7,512,0.850202091753823,0.7904799852353798,0.6974248927038627,0.1
10,8,0.7,512,0.5553278261594233,0.5190542945406,0.3776824034334764,0.01
10,8,0.7,512,0.655680965873578,0.6017667605109233,0.5021459227467812,0.001
10,8,0.7,512,0.7882281553398058,0.6962127814668312,0.6137339055793991,0.0001
10,8,1.0,64,0.5934179549147881,0.5036558067771055,0.44206008583690987,0.1
10,8,1.0,64,0.5493666402766781,0.5268409619402485,0.39270386266094426,0.01
10,8,1.0,64,0.5475566690278761,0.5262289568011094,0.3540772532188841,0.001
10,8,1.0,64,0.6818903912663028,0.6187802295865424,0.5278969957081545,0.0001
10,8,1.0,128,0.7635578565773574,0.687830807718261,0.6330472103004292,0.1
10,8,1.0,128,0.5731566940289179,0.5319854084269093,0.3969957081545064,0.01
10,8,1.0,128,0.5418845576899037,0.524279342324523,0.3755364806866953,0.001
10,8,1.0,128,0.7785324388516188,0.6878457494465021,0.6051502145922747,0.0001
10,8,1.0,256,0.6665694403933496,0.5422197121793526,0.4570815450643777,0.1
10,8,1.0,256,0.5651146922788449,0.5344286564695881,0.39914163090128757,0.01
10,8,1.0,256,0.4881375265636068,0.5030717349005387,0.34120171673819744,0.001
10,8,1.0,256,0.7830482520105007,0.6915244350108796,0.6137339055793991,0.0001
10,8,1.0,512,0.800838055752323,0.7219174412144722,0.6824034334763949,0.1
10,8,1.0,512,0.5802689695403975,0.5388475751084134,0.3948497854077253,0.01
10,8,1.0,512,0.6719550814617276,0.6122287559453392,0.5236051502145923,0.001
10,8,1.0,512,0.790491270469603,0.6977850683600271,0.6158798283261803,0.0001
15,8,0.1,64,0.6005640860035835,0.4307686176022619,0.4549356223175965,0.1
15,8,0.1,64,0.5891365265219384,0.5459672799017401,0.4313304721030043,0.01
15,8,0.1,64,0.5525100004166841,0.5241565037721184,0.33047210300429186,0.001
15,8,0.1,64,0.7067586149422893,0.637335694792142,0.5493562231759657,0.0001
15,8,0.1,128,0.5423663485978583,0.4280411504173222,0.371244635193133,0.1
15,8,0.1,128,0.5715446476936539,0.5335748026917038,0.3969957081545064,0.01
15,8,0.1,128,0.5277120921705071,0.5178570444637247,0.3497854077253219,0.001
15,8,0.1,128,0.7866994458102421,0.6952173324346368,0.6158798283261803,0.0001
15,8,0.1,256,0.5165631901329222,0.47077264937485436,0.3798283261802575,0.1
15,8,0.1,256,0.5601665694403932,0.5318228064643313,0.38626609442060084,0.01
15,8,0.1,256,0.5536064002666777,0.5362204858658801,0.371244635193133,0.001
15,8,0.1,256,0.7829544981040876,0.6913938531613829,0.6094420600858369,0.0001
15,8,0.1,512,0.7239103712654693,0.6343263304265585,0.5600858369098712,0.1
15,8,0.1,512,0.5635885870244594,0.521788465918376,0.38626609442060084,0.01
15,8,0.1,512,0.6580143964331847,0.6034625795480582,0.5,0.001
15,8,0.1,512,0.7916710071252967,0.6984245627540568,0.6158798283261803,0.0001
15,8,0.3,64,0.5696096712363016,0.46213220025348745,0.4227467811158798,0.1
15,8,0.3,64,0.593355452310513,0.5507411471468571,0.4206008583690987,0.01
15,8,0.3,64,0.5276938622442602,0.510662857501746,0.3562231759656652,0.001
15,8,0.3,64,0.731319534147256,0.6530570855020794,0.5686695278969958,0.0001
15,8,0.3,128,0.7420400329180383,0.6610135444004558,0.5901287553648069,0.1
15,8,0.3,128,0.6151141714238093,0.5613001375588825,0.44635193133047213,0.01
15,8,0.3,128,0.542616359014959,0.5252623778277973,0.3626609442060086,0.001
15,8,0.3,128,0.7849545814408934,0.6932444424972702,0.6115879828326181,0.0001
15,8,0.3,256,0.7742718446601942,0.6834856856885736,0.6030042918454935,0.1
15,8,0.3,256,0.5962409892078836,0.5548739542965119,0.4313304721030043,0.01
15,8,0.3,256,0.5217352806366933,0.5230801082007414,0.3648068669527897,0.001
15,8,0.3,256,0.7874208300345846,0.694905688924159,0.6115879828326181,0.0001
15,8,0.3,512,0.789056314846452,0.6929553993395893,0.6223175965665236,0.1
15,8,0.3,512,0.5724014542272595,0.5319161221133136,0.3819742489270386,0.01
15,8,0.3,512,0.6625406266927789,0.6067515235876477,0.5021459227467812,0.001
15,8,0.3,512,0.7904600191674653,0.6976793293081721,0.6158798283261803,0.0001
15,8,0.5,64,0.5623385349389558,0.42988674277739897,0.39270386266094426,0.1
15,8,0.5,64,0.5847978040751698,0.5433597252321871,0.4077253218884121,0.01
15,8,0.5,64,0.548712967206967,0.5252012512862458,0.3626609442060086,0.001
15,8,0.5,64,0.7635187924496855,0.6743932651433667,0.5965665236051502,0.0001
15,8,0.5,128,0.5680627317804908,0.41900447798331475,0.3948497854077253,0.1
15,8,0.5,128,0.6076789657902413,0.5639343420174294,0.4098712446351932,0.01
15,8,0.5,128,0.5790449602066753,0.537255368554882,0.3776824034334764,0.001
15,8,0.5,128,0.7846004000166673,0.6927226463125515,0.6115879828326181,0.0001
15,8,0.5,256,0.6607527917829908,0.5074550259316752,0.5128755364806867,0.1
15,8,0.5,256,0.5692554898120755,0.5258092429733563,0.3755364806866953,0.01
15,8,0.5,256,0.5151542772615525,0.5202725810676773,0.36695278969957085,0.001
15,8,0.5,256,0.7837696362348432,0.6923898046558142,0.6094420600858369,0.0001
15,8,0.5,512,0.8593196591524647,0.7575719504969356,0.7103004291845494,0.1
15,8,0.5,512,0.5593436184841035,0.5288980066439686,0.388412017167382,0.01
15,8,0.5,512,0.660574398933289,0.6056818410764524,0.5107296137339056,0.001
15,8,0.5,512,0.7896865494395601,0.6971339332197937,0.6158798283261803,0.0001
15,8,0.7,64,0.783490978790783,0.691439044470313,0.6115879828326181,0.1
15,8,0.7,64,0.6013349514563107,0.5568041471880618,0.4334763948497854,0.01
15,8,0.7,64,0.5506427351139631,0.5199924500226603,0.3626609442060086,0.001
15,8,0.7,64,0.757984707696154,0.6731582089388637,0.6030042918454935,0.0001
15,8,0.7,128,0.4799861452560523,0.3525211160009059,0.3090128755364807,0.1
15,8,0.7,128,0.6021917579899163,0.5606442544750585,0.4248927038626609,0.01
15,8,0.7,128,0.5673127005291887,0.5342422076824478,0.3819742489270386,0.001
15,8,0.7,128,0.7868895578982458,0.6956627225828684,0.6115879828326181,0.0001
15,8,0.7,256,0.5284608212842201,0.45869157611642924,0.30686695278969955,0.1
15,8,0.7,256,0.5868708071169632,0.5418329320497896,0.4163090128755364,0.01
15,8,0.7,256,0.5162272386349431,0.5168884981122719,0.3540772532188841,0.001
15,8,0.7,256,0.7873348889537064,0.6954685533664884,0.6137339055793991,0.0001
15,8,0.7,512,0.6791246510271262,0.5904494202155236,0.5407725321888412,0.1
15,8,0.7,512,0.5658881620067503,0.5285519922700022,0.3969957081545064,0.01
15,8,0.7,512,0.6621369640401683,0.6075762764001997,0.5107296137339056,0.001
15,8,0.7,512,0.7840404808533689,0.6925851245737865,0.6115879828326181,0.0001
15,8,1.0,64,0.5869320075836494,0.4187474927008276,0.388412017167382,0.1
15,8,1.0,64,0.5994103920996708,0.551201697287107,0.4206008583690987,0.01
15,8,1.0,64,0.5773235343139298,0.5319948451921792,0.3755364806866953,0.001
15,8,1.0,64,0.7936320263344305,0.6998949114136855,0.6330472103004292,0.0001
15,8,1.0,128,0.5642735113963082,0.5352238425481248,0.38626609442060084,0.1
15,8,1.0,128,0.5768209092045502,0.5371529337622865,0.4098712446351932,0.01
15,8,1.0,128,0.5297564481853412,0.5160458098984315,0.3540772532188841,0.001
15,8,1.0,128,0.776469852910538,0.6855058084761683,0.6051502145922747,0.0001
15,8,1.0,256,0.36581602358431603,0.46222010981434003,0.296137339055794,0.1
15,8,1.0,256,0.5569789366223594,0.5161260470299871,0.3776824034334764,0.01
15,8,1.0,256,0.5307851368807034,0.5224251278847856,0.351931330472103,0.001
15,8,1.0,256,0.7841134005583565,0.6929489690483183,0.6115879828326181,0.0001
15,8,1.0,512,0.5676147964498521,0.5383056101386647,0.4227467811158798,0.1
15,8,1.0,512,0.6052856369015376,0.5603644486630956,0.4206008583690987,0.01
15,8,1.0,512,0.6633557648235342,0.6075524017296856,0.5107296137339056,0.001
15,8,1.0,512,0.7911840076669863,0.6983111115873596,0.6180257510729614,0.0001
20,8,0.1,64,0.5054012667194466,0.41492625957617857,0.3605150214592274,0.1
20,8,0.1,64,0.6090201675069795,0.565731339864969,0.4291845493562232,0.01
20,8,0.1,64,0.5609322263427643,0.5232998184150589,0.3819742489270386,0.001
20,8,0.1,64,0.7477915746489436,0.6644301781440679,0.5836909871244635,0.0001
20,8,0.1,128,0.4829029334555607,0.4096225748527332,0.36695278969957085,0.1
20,8,0.1,128,0.5737374473936414,0.5371332903292909,0.4098712446351932,0.01
20,8,0.1,128,0.5078623067627818,0.5132311375089135,0.351931330472103,0.001
20,8,0.1,128,0.7840535022292596,0.6926798018896467,0.6115879828326181,0.0001
20,8,0.1,256,0.7736962998458269,0.6712604597613558,0.5987124463519313,0.1
20,8,0.1,256,0.5615728780365848,0.5285740551342057,0.38626609442060084,0.01
20,8,0.1,256,0.528594941455894,0.524504528571551,0.3798283261802575,0.001
20,8,0.1,256,0.7838738072419684,0.6925916156162157,0.6115879828326181,0.0001
20,8,0.1,512,0.5093154923121797,0.5039317690872651,0.3626609442060086,0.1
20,8,0.1,512,0.578901725071878,0.5297867136125258,0.3948497854077253,0.01
20,8,0.1,512,0.6402792824701029,0.5947960157950967,0.48283261802575106,0.001
20,8,0.1,512,0.7849051002125088,0.6929977719596068,0.6115879828326181,0.0001
20,8,0.3,64,0.6075904204341847,0.5150585059521449,0.44420600858369097,0.1
20,8,0.3,64,0.5720889412058836,0.5342603067939222,0.4163090128755364,0.01
20,8,0.3,64,0.5964363098462435,0.5414355107807398,0.39914163090128757,0.001
20,8,0.3,64,0.7825326055252302,0.6894107818539088,0.6094420600858369,0.0001
20,8,0.3,128,0.4655519500812534,0.48131949726200585,0.3605150214592274,0.1
20,8,0.3,128,0.615679299137464,0.5492921860059281,0.4334763948497854,0.01
20,8,0.3,128,0.5406787782824285,0.5228465714177726,0.34549356223175964,0.001
20,8,0.3,128,0.7805142922621775,0.6895159841413175,0.6094420600858369,0.0001
20,8,0.3,256,0.5356564336014,0.43660504027707636,0.3648068669527897,0.1
20,8,0.3,256,0.6064080795033127,0.5525095780787912,0.43776824034334766,0.01
20,8,0.3,256,0.5122687403641818,0.5164850199310425,0.3562231759656652,0.001
20,8,0.3,256,0.7821654027251135,0.6912057289083192,0.6094420600858369,0.0001
20,8,0.3,512,0.8109582690945455,0.700055569721772,0.6695278969957081,0.1
20,8,0.3,512,0.5955899204133506,0.5410541081110767,0.4227467811158798,0.01
20,8,0.3,512,0.6645927955331472,0.6086132515874934,0.5150214592274678,0.001
20,8,0.3,512,0.7887464061002541,0.6963797667413144,0.6137339055793991,0.0001
20,8,0.5,64,0.6915210008750365,0.5879869685061954,0.5429184549356223,0.1
20,8,0.5,64,0.5948685361890078,0.5443007009753789,0.4163090128755364,0.01
20,8,0.5,64,0.5518407016959039,0.5196260090306755,0.33476394849785407,0.001
20,8,0.5,64,0.7822773865577732,0.6895011442190974,0.6180257510729614,0.0001
20,8,0.5,128,0.7583310762948456,0.7138205936585047,0.6201716738197425,0.1
20,8,0.5,128,0.5834800408350347,0.5411755807969139,0.41416309012875535,0.01
20,8,0.5,128,0.6051840701695904,0.5505794625966396,0.4077253218884121,0.001
20,8,0.5,128,0.7816028792866371,0.6902219250407984,0.6094420600858369,0.0001
20,8,0.5,256,0.39556335680653354,0.32786315808870664,0.296137339055794,0.1
20,8,0.5,256,0.6062596358181591,0.5540555342475217,0.4206008583690987,0.01
20,8,0.5,256,0.5292798658277428,0.5239039385488395,0.37339055793991416,0.001
20,8,0.5,256,0.7870926913621401,0.6957222974606269,0.6137339055793991,0.0001
20,8,0.5,512,0.7364134963956832,0.6371584707033809,0.5407725321888412,0.1
20,8,0.5,512,0.5803028251177131,0.5322238387771658,0.39270386266094426,0.01
20,8,0.5,512,0.6569648735363973,0.6047863942359095,0.5,0.001
20,8,0.5,512,0.7892334055585649,0.6968394282019259,0.6180257510729614,0.0001
20,8,0.7,64,0.4903381390891287,0.4220937538970849,0.37339055793991416,0.1
20,8,0.7,64,0.5872614483936831,0.5410022415682976,0.4291845493562232,0.01
20,8,0.7,64,0.5622161340055836,0.5244084584161672,0.36695278969957085,0.001
20,8,0.7,64,0.744846139422476,0.6640061691164669,0.5772532188841202,0.0001
20,8,0.7,128,0.6763771407141965,0.5851950980915601,0.5386266094420601,0.1
20,8,0.7,128,0.6132625317721572,0.5583876796185214,0.4334763948497854,0.01
20,8,0.7,128,0.5819018500770865,0.5385935697872594,0.4184549356223176,0.001
20,8,0.7,128,0.7852540730863786,0.693466237093934,0.6137339055793991,0.0001
20,8,0.7,256,0.3432486770282095,0.31441701351250595,0.27682403433476394,0.1
20,8,0.7,256,0.5662683861827577,0.5323834616850612,0.3819742489270386,0.01
20,8,0.7,256,0.5088649527063627,0.5203200878681384,0.36695278969957085,0.001
20,8,0.7,256,0.7843035126463602,0.692543400174774,0.6115879828326181,0.0001
20,8,0.7,512,0.7787720321680071,0.7506140846097524,0.6759656652360515,0.1
20,8,0.7,512,0.5704742905954414,0.5206179035965219,0.4012875536480687,0.01
20,8,0.7,512,0.6855624192674695,0.6243540068800698,0.5407725321888412,0.001
20,8,0.7,512,0.785772323846827,0.6933940044032486,0.6137339055793991,0.0001
20,8,1.0,64,0.5264203716821534,0.4172507015150091,0.36909871244635195,0.1
20,8,1.0,64,0.5674246843618483,0.5308512170825143,0.3948497854077253,0.01
20,8,1.0,64,0.5402152173007209,0.5112513589176664,0.34120171673819744,0.001
20,8,1.0,64,0.7875119796658194,0.6947303787600559,0.6158798283261803,0.0001
20,8,1.0,128,0.7933260240009998,0.6968636509225059,0.6738197424892703,0.1
20,8,1.0,128,0.5773027001125046,0.5375786196115677,0.4077253218884121,0.01
20,8,1.0,128,0.5676694862285929,0.5259777889575705,0.3969957081545064,0.001
20,8,1.0,128,0.7837826576107338,0.6918595934072163,0.6137339055793991,0.0001
20,8,1.0,256,0.8354501750072921,0.7814363161124435,0.6716738197424893,0.1
20,8,1.0,256,0.6011969248718697,0.5446190116549987,0.4206008583690987,0.01
20,8,1.0,256,0.5082737822409267,0.5172148293567169,0.3583690987124464,0.001
20,8,1.0,256,0.787032793033043,0.6949270502599507,0.6115879828326181,0.0001
20,8,1.0,512,0.7944888328680362,0.7120166204569749,0.630901287553648,0.1
20,8,1.0,512,0.5452128213675569,0.5186891745684569,0.3755364806866953,0.01
20,8,1.0,512,0.6578633484728531,0.6028313786826696,0.4978540772532189,0.001
20,8,1.0,512,0.7882802408433685,0.6962822113971318,0.6158798283261803,0.0001
25,8,0.1,64,0.5515568357014876,0.44946704552220174,0.3969957081545064,0.1
25,8,0.1,64,0.5881156506521106,0.5433275809073554,0.4206008583690987,0.01
25,8,0.1,64,0.5815658985791075,0.5394535124033043,0.38626609442060084,0.001
25,8,0.1,64,0.7895667527813659,0.698440339607897,0.6244635193133047,0.0001
25,8,0.1,128,0.7448747864494354,0.5958826765588816,0.5515021459227468,0.1
25,8,0.1,128,0.6169866452768866,0.5676978442202932,0.45064377682403434,0.01
25,8,0.1,128,0.5608905579399142,0.5338752093286832,0.3626609442060086,0.001
25,8,0.1,128,0.7867645526896955,0.6943013352183854,0.6115879828326181,0.0001
25,8,0.1,256,0.8354775198966623,0.7805349269258061,0.7188841201716738,0.1
25,8,0.1,256,0.6010172298845785,0.5406947470169507,0.43776824034334766,0.01
25,8,0.1,256,0.5119171632151339,0.5137247538004793,0.33905579399141633,0.001
25,8,0.1,256,0.7899860410850452,0.697645859133171,0.6180257510729614,0.0001
25,8,0.1,512,0.5035131672153006,0.5031695659728797,0.38412017167381973,0.1
25,8,0.1,512,0.5968920580024168,0.5356302368232003,0.4184549356223176,0.01
25,8,0.1,512,0.6700148964540189,0.6133794711575873,0.5236051502145923,0.001
25,8,0.1,512,0.7825013542230925,0.6912227518447014,0.6137339055793991,0.0001
25,8,0.3,64,0.6437117171548814,0.6282264656205069,0.5793991416309013,0.1
25,8,0.3,64,0.5937695320638359,0.5450430140643515,0.4206008583690987,0.01
25,8,0.3,64,0.5422048835368141,0.5142488992010616,0.3497854077253219,0.001
25,8,0.3,64,0.7103993916413185,0.6373778687425011,0.5515021459227468,0.0001
25,8,0.3,128,0.5367801783407642,0.4103494925084248,0.3905579399141631,0.1
25,8,0.3,128,0.5929023084295179,0.5456882164537792,0.41416309012875535,0.01
25,8,0.3,128,0.5665366265261053,0.5298336002794476,0.38626609442060084,0.001
25,8,0.3,128,0.787902620942539,0.6951467112519514,0.6137339055793991,0.0001
25,8,0.3,256,0.5213889120380015,0.435131965138822,0.36695278969957085,0.1
25,8,0.3,256,0.5977254260594191,0.5505214872943616,0.4291845493562232,0.01
25,8,0.3,256,0.5375744822700946,0.5296573685493026,0.3755364806866953,0.001
25,8,0.3,256,0.78858494103921,0.6963674631888419,0.6158798283261803,0.0001
25,8,0.3,512,0.8257583649318722,0.71777497597508,0.648068669527897,0.1
25,8,0.3,512,0.5755317929913747,0.5384082341348368,0.4163090128755364,0.01
25,8,0.3,512,0.6838956831534647,0.6217502615866342,0.5300429184549357,0.001
25,8,0.3,512,0.7873270761281719,0.6950056071334334,0.6137339055793991,0.0001
25,8,0.5,64,0.4870359181632568,0.36599507788106933,0.34549356223175964,0.1
25,8,0.5,64,0.6095149797908247,0.5609340370708039,0.4227467811158798,0.01
25,8,0.5,64,0.5755890870452935,0.5325585119462405,0.3755364806866953,0.001
25,8,0.5,64,0.7958951414642277,0.7035029845151326,0.6437768240343348,0.0001
25,8,0.5,128,0.644925309387891,0.5281456516836569,0.5064377682403434,0.1
25,8,0.5,128,0.6178825159381641,0.5753491327755026,0.4570815450643777,0.01
25,8,0.5,128,0.5415954831451311,0.5292258359647152,0.371244635193133,0.001
25,8,0.5,128,0.7833451393808075,0.6918891378477467,0.6115879828326181,0.0001
25,8,0.5,256,0.5288397433226384,0.42225234513880233,0.3776824034334764,0.1
25,8,0.5,256,0.5868317429892912,0.5302862404707287,0.3969957081545064,0.01
25,8,0.5,256,0.5290064169340389,0.5297211507119081,0.3819742489270386,0.001
25,8,0.5,256,0.7864181840910038,0.6944057435044336,0.6137339055793991,0.0001
25,8,0.5,512,0.6482613858910788,0.525341678028499,0.4592274678111588,0.1
25,8,0.5,512,0.580120525855244,0.5282169766533285,0.4034334763948498,0.01
25,8,0.5,512,0.6680017917413226,0.611262106098986,0.51931330472103,0.001
25,8,0.5,512,0.7903506396099836,0.6973305154273091,0.6158798283261803,0.0001
25,8,0.7,64,0.5317747614483936,0.4324720082984214,0.3819742489270386,0.1
25,8,0.7,64,0.6047934288928705,0.5563839997495845,0.42703862660944214,0.01
25,8,0.7,64,0.6120697737405725,0.5539946528113081,0.41201716738197425,0.001
25,8,0.7,64,0.7598389516229842,0.6724939801475138,0.5858369098712446,0.0001
25,8,0.7,128,0.5626067752823035,0.4711173158136064,0.38626609442060084,0.1
25,8,0.7,128,0.5909126421934248,0.5400273888776943,0.4098712446351932,0.01
25,8,0.7,128,0.5616405891912164,0.53064601228707,0.36909871244635195,0.001
25,8,0.7,128,0.7759568107004459,0.685844156227714,0.6030042918454935,0.0001
25,8,0.7,256,0.7277399579149131,0.6331292656390037,0.5278969957081545,0.1
25,8,0.7,256,0.6079446018584107,0.5570272916263292,0.4356223175965665,0.01
25,8,0.7,256,0.5345040418350764,0.527856800314582,0.36909871244635195,0.001
25,8,0.7,256,0.786720280011667,0.6944782173982175,0.6115879828326181,0.0001
25,8,0.7,512,0.781131505479395,0.6884587737306844,0.6094420600858369,0.1
25,8,0.7,512,0.5931445060210843,0.5336294201878604,0.4055793991416309,0.01
25,8,0.7,512,0.6546731113796408,0.6016669564368057,0.4957081545064378,0.001
25,8,0.7,512,0.7827904287678653,0.6918579005335687,0.6115879828326181,0.0001
25,8,1.0,64,0.7572281657569067,0.6647931040160496,0.5858369098712446,0.1
25,8,1.0,64,0.604921038376599,0.5546314580683805,0.44420600858369097,0.01
25,8,1.0,64,0.5609947289470394,0.5278507294126485,0.3626609442060086,0.001
25,8,1.0,64,0.7440856910704613,0.662802879307619,0.5858369098712446,0.0001
25,8,1.0,128,0.5778730363765157,0.4626338372721067,0.4313304721030043,0.1
25,8,1.0,128,0.5762974498937455,0.5365952935983472,0.41416309012875535,0.01
25,8,1.0,128,0.5593071586316096,0.530892200966251,0.36909871244635195,0.001
25,8,1.0,128,0.7844858119088296,0.6930909424372322,0.6115879828326181,0.0001
25,8,1.0,256,0.8304226217759074,0.7202025379936833,0.6738197424892703,0.1
25,8,1.0,256,0.5790371473811409,0.5295793936255584,0.3948497854077253,0.01
25,8,1.0,256,0.5167038209925414,0.5254432946202653,0.371244635193133,0.001
25,8,1.0,256,0.7908740989207883,0.697856613353831,0.6158798283261803,0.0001
25,8,1.0,512,0.6696138380765865,0.5296895823066994,0.5343347639484979,0.1
25,8,1.0,512,0.5723285345222717,0.5194921772471495,0.3819742489270386,0.01
25,8,1.0,512,0.6600665652735531,0.60507184108954,0.5128755364806867,0.001
25,8,1.0,512,0.7866994458102421,0.6950891388158355,0.6137339055793991,0.0001
5,10,0.1,64,0.7342493437226552,0.6506033270482493,0.555793991416309,0.1
5,10,0.1,64,0.5742114254760615,0.5339420970637733,0.4034334763948498,0.01
5,10,0.1,64,0.5592863244301846,0.5332765661213908,0.3776824034334764,0.001
5,10,0.1,64,0.7660241051710488,0.6795626131904847,0.5944206008583691,0.0001
5,10,0.1,128,0.7463826617775741,0.6342551422078457,0.5815450643776824,0.1
5,10,0.1,128,0.5367541355889829,0.516057107477768,0.3605150214592274,0.01
5,10,0.1,128,0.5309257677403225,0.5083602914325376,0.3540772532188841,0.001
5,10,0.1,128,0.7842097587399476,0.6924272768054422,0.6115879828326181,0.0001
5,10,0.1,256,0.7037741155881495,0.6183530135698427,0.5214592274678111,0.1
5,10,0.1,256,0.5558590982957623,0.5173411446202687,0.34334763948497854,0.01
5,10,0.1,256,0.5072503020959207,0.5171779176276543,0.3583690987124464,0.001
5,10,0.1,256,0.7902256344014333,0.697691212373732,0.6137339055793991,0.0001
5,10,0.1,512,0.5573070752948039,0.4536331421284855,0.4227467811158798,0.1
5,10,0.1,512,0.5572628026167756,0.5170340975779657,0.34334763948497854,0.01
5,10,0.1,512,0.6564570398766615,0.6033985152487205,0.5021459227467812,0.001
5,10,0.1,512,0.7861811950497937,0.6944083273506552,0.6137339055793991,0.0001
5,10,0.3,64,0.5730447101962581,0.4977041678904,0.4206008583690987,0.1
5,10,0.3,64,0.5529969998749947,0.527804095033107,0.3605150214592274,0.01
5,10,0.3,64,0.5413506812783866,0.5189167649103288,0.3369098712446352,0.001
5,10,0.3,64,0.6971644651860494,0.6300655106644955,0.5343347639484979,0.0001
5,10,0.3,128,0.5362645318554939,0.43541036090877444,0.4098712446351932,0.1
5,10,0.3,128,0.5657709696237343,0.5334631363832497,0.38412017167381973,0.01
5,10,0.3,128,0.5277850118754948,0.5102827300692566,0.3540772532188841,0.001
5,10,0.3,128,0.7828216800700029,0.6919661627626976,0.6094420600858369,0.0001
5,10,0.3,256,0.6109759781657569,0.5740434403497208,0.4742489270386266,0.1
5,10,0.3,256,0.5510177507396141,0.5168942560414868,0.37339055793991416,0.01
5,10,0.3,256,0.5025547939497479,0.5114744620752977,0.34549356223175964,0.001
5,10,0.3,256,0.7932544064336013,0.7001749533122255,0.6201716738197425,0.0001
5,10,0.3,512,0.4829550189591233,0.49902835043301386,0.3240343347639485,0.1
5,10,0.3,512,0.5144719571648819,0.4999101106137983,0.3261802575107296,0.01
5,10,0.3,512,0.6671580065836077,0.6082734378940504,0.5128755364806867,0.001
5,10,0.3,512,0.7821002958456602,0.6905779381835998,0.6137339055793991,0.0001
5,10,0.5,64,0.539983436809867,0.4536424296281194,0.4227467811158798,0.1
5,10,0.5,64,0.5680601275053127,0.5232542177429003,0.3776824034334764,0.01
5,10,0.5,64,0.5430747114463103,0.5173474241223567,0.3605150214592274,0.001
5,10,0.5,64,0.7683705571065461,0.6820548137951938,0.6030042918454935,0.0001
5,10,0.5,128,0.7444450810450436,0.6031250852791799,0.572961373390558,0.1
5,10,0.5,128,0.5441893412225509,0.5155023264675491,0.36909871244635195,0.01
5,10,0.5,128,0.561062440101671,0.5393984885232921,0.38412017167381973,0.001
5,10,0.5,128,0.7757354473103045,0.6851338984779274,0.6008583690987125,0.0001
5,10,0.5,256,0.5230764823534314,0.5162319889468683,0.3626609442060086,0.1
5,10,0.5,256,0.5563487020292512,0.5258720706253759,0.3626609442060086,0.01
5,10,0.5,256,0.511779136630693,0.5185834119507207,0.3583690987124464,0.001
5,10,0.5,256,0.7889469352889704,0.6962957733012843,0.6158798283261803,0.0001
5,10,0.5,512,0.7142328847035294,0.5742374980160532,0.5150214592274678,0.1
5,10,0.5,512,0.5276547981165882,0.5099103725616874,0.33476394849785407,0.01
5,10,0.5,512,0.6782105504396017,0.6177320990207795,0.51931330472103,0.001
5,10,0.5,512,0.7855275219800824,0.693129086585548,0.6137339055793991,0.0001
5,10,0.7,64,0.49544382057585734,0.4965952932064013,0.34120171673819744,0.1
5,10,0.7,64,0.5544736239009959,0.5249375771675627,0.3755364806866953,0.01
5,10,0.7,64,0.5464811033793074,0.5111917565125831,0.3605150214592274,0.001
5,10,0.7,64,0.7697456144006001,0.6781749828385333,0.6008583690987125,0.0001
5,10,0.7,128,0.6362556773198883,0.4903793840055436,0.4570815450643777,0.1
5,10,0.7,128,0.5745838368265345,0.533842283964876,0.3969957081545064,0.01
5,10,0.7,128,0.5787715113129714,0.538897970388238,0.3819742489270386,0.001
5,10,0.7,128,0.7793918496604025,0.6890430103657208,0.6030042918454935,0.0001
5,10,0.7,256,0.3211305679403309,0.26302768752980016,0.16523605150214593,0.1
5,10,0.7,256,0.5349806241926747,0.5030881127098283,0.351931330472103,0.01
5,10,0.7,256,0.5070732113838077,0.5119531890631582,0.3540772532188841,0.001
5,10,0.7,256,0.7873244718529939,0.6947656130594831,0.6137339055793991,0.0001
5,10,0.7,512,0.7679694987291137,0.6887504608612884,0.6030042918454935,0.1
5,10,0.7,512,0.525662527605317,0.4965824876587147,0.33476394849785407,0.01
5,10,0.7,512,0.6671970707112796,0.6098826469635743,0.5128755364806867,0.001
5,10,0.7,512,0.7882672194674777,0.6962210151875322,0.6158798283261803,0.0001
5,10,1.0,64,0.2847267073628068,0.35268455781918306,0.23390557939914164,0.1
5,10,1.0,64,0.5765344389349556,0.5340877825901628,0.3948497854077253,0.01
5,10,1.0,64,0.5741879869994583,0.5274375383887688,0.36909871244635195,0.001
5,10,1.0,64,0.7810585857744072,0.688845173697678,0.6094420600858369,0.0001
5,10,1.0,128,0.5434992083003458,0.38885412975921474,0.3969957081545064,0.1
5,10,1.0,128,0.5443013250552107,0.5101705581379951,0.3605150214592274,0.01
5,10,1.0,128,0.5276782365931914,0.5169676868924147,0.3583690987124464,0.001
5,10,1.0,128,0.7819857077378224,0.6905506674516679,0.6115879828326181,0.0001
5,10,1.0,256,0.5358973290553772,0.3715085197924335,0.4012875536480687,0.1
5,10,1.0,256,0.5729405391891329,0.5347691087886253,0.38412017167381973,0.01
5,10,1.0,256,0.49033293053877247,0.5123684003968729,0.3540772532188841,0.001
5,10,1.0,256,0.7888271386307762,0.6959523653545013,0.6158798283261803,0.0001
5,10,1.0,512,0.7594352889703738,0.6739791187111479,0.6008583690987125,0.1
5,10,1.0,512,0.5327800116671528,0.5038563856055734,0.34334763948497854,0.01
5,10,1.0,512,0.655186153589733,0.6026620271287,0.4957081545064378,0.001
5,10,1.0,512,0.7912673444726863,0.6990569017758066,0.6180257510729614,0.0001
10,10,0.1,64,0.5799824992708029,0.4824653185035364,0.45064377682403434,0.1
10,10,0.1,64,0.5724952081336723,0.5423109586225534,0.39914163090128757,0.01
10,10,0.1,64,0.5567263219300804,0.5273229373088322,0.3755364806866953,0.001
10,10,0.1,64,0.7200378140755865,0.6476146390350164,0.5600858369098712,0.0001
10,10,0.1,128,0.8446380578357431,0.7916564753475961,0.6824034334763949,0.1
10,10,0.1,128,0.6097649902079253,0.5584043208117715,0.4334763948497854,0.01
10,10,0.1,128,0.5883656610692112,0.5483187204592191,0.3969957081545064,0.001
10,10,0.1,128,0.7861395266469436,0.6946019304405637,0.6158798283261803,0.0001
10,10,0.1,256,0.6263151589649569,0.5163894872745632,0.4721030042918455,0.1
10,10,0.1,256,0.5658907662819284,0.5236343685379925,0.37339055793991416,0.01
10,10,0.1,256,0.5126880286678612,0.5215344900770992,0.36909871244635195,0.001
10,10,0.1,256,0.785715029792908,0.6935141019202048,0.6094420600858369,0.0001
10,10,0.1,512,0.7178762656777367,0.6346388573319365,0.5429184549356223,0.1
10,10,0.1,512,0.5712034876453186,0.523975312935433,0.41201716738197425,0.01
10,10,0.1,512,0.6577331347139465,0.604729101944204,0.5085836909871244,0.001
10,10,0.1,512,0.7891110046251927,0.6963653331231695,0.6158798283261803,0.0001
10,10,0.3,64,0.4612028105337722,0.4915780544891022,0.33047210300429186,0.1
10,10,0.3,64,0.6014208925371891,0.5594457970535303,0.4291845493562232,0.01
10,10,0.3,64,0.5547496770698779,0.5219777044375699,0.34120171673819744,0.001
10,10,0.3,64,0.6872890537105713,0.6221222023781148,0.5364806866952789,0.0001
10,10,0.3,128,0.5022839493312221,0.3958232857231666,0.34120171673819744,0.1
10,10,0.3,128,0.5881625276053168,0.5460299851274377,0.41201716738197425,0.01
10,10,0.3,128,0.5582732613858911,0.5312037057682629,0.371244635193133,0.001
10,10,0.3,128,0.7805012708862868,0.6891833413011335,0.6051502145922747,0.0001
10,10,0.3,256,0.5289152673028044,0.5023401077343047,0.41201716738197425,0.1
10,10,0.3,256,0.6035225426059418,0.5454866772458762,0.43991416309012876,0.01
10,10,0.3,256,0.5314257885745239,0.5270973301174203,0.36695278969957085,0.001
10,10,0.3,256,0.7851707362806783,0.6934230055348027,0.6158798283261803,0.0001
10,10,0.3,512,0.6484358723280137,0.5189966719119,0.4570815450643777,0.1
10,10,0.3,512,0.5721722780115839,0.534228130586367,0.4098712446351932,0.01
10,10,0.3,512,0.6795205008542023,0.6191164744563737,0.5300429184549357,0.001
10,10,0.3,512,0.7888870369598733,0.6964636450108078,0.6137339055793991,0.0001
10,10,0.5,64,0.5742556981540898,0.4242031627740706,0.3948497854077253,0.1
10,10,0.5,64,0.5895011250468769,0.5417966122931333,0.41201716738197425,0.01
10,10,0.5,64,0.5673100962540106,0.5248498388412766,0.36695278969957085,0.001
10,10,0.5,64,0.7446794658110755,0.6623045204651432,0.5815450643776824,0.0001
10,10,0.5,128,0.36889948539522477,0.4444645625125323,0.296137339055794,0.1
10,10,0.5,128,0.5851025042710113,0.536930212516838,0.39270386266094426,0.01
10,10,0.5,128,0.5683439934997292,0.5310388009444531,0.39914163090128757,0.001
10,10,0.5,128,0.7858608692028834,0.6935390192298125,0.6158798283261803,0.0001
10,10,0.5,256,0.5077841785074378,0.46774519187539176,0.38412017167381973,0.1
10,10,0.5,256,0.5910037918246593,0.5458690773193686,0.4077253218884121,0.01
10,10,0.5,256,0.5112452602191757,0.5186822403525166,0.34549356223175964,0.001
10,10,0.5,256,0.7897047793658069,0.6971332008274116,0.6158798283261803,0.0001
10,10,0.5,512,0.7423043668486187,0.6666195765580398,0.5686695278969958,0.1
10,10,0.5,512,0.5632630526271929,0.5283582180072914,0.3776824034334764,0.01
10,10,0.5,512,0.6500114588107838,0.597986178173626,0.4978540772532189,0.001
10,10,0.5,512,0.7904600191674653,0.6980608709205702,0.6158798283261803,0.0001
10,10,0.7,64,0.6085214488103671,0.555200052252273,0.43991416309012876,0.1
10,10,0.7,64,0.5665392308012834,0.534445549622522,0.4012875536480687,0.01
10,10,0.7,64,0.5667631984666027,0.5314635496888618,0.3798283261802575,0.001
10,10,0.7,64,0.7424476019834159,0.6593787301314356,0.5793991416309013,0.0001
10,10,0.7,128,0.7983639943330972,0.7150827158731676,0.6502145922746781,0.1
10,10,0.7,128,0.6172418642443435,0.5785989812896932,0.43776824034334766,0.01
10,10,0.7,128,0.550504708529522,0.5273317772480277,0.37339055793991416,0.001
10,10,0.7,128,0.7857983665986084,0.6937292630384548,0.6137339055793991,0.0001
10,10,0.7,256,0.49435393141380884,0.4179103888329294,0.37339055793991416,0.1
10,10,0.7,256,0.6015511062960957,0.5445153665241486,0.4356223175965665,0.01
10,10,0.7,256,0.5267927830326263,0.5257212538164739,0.3626609442060086,0.001
10,10,0.7,256,0.7886109837909913,0.6965748105864698,0.6180257510729614,0.0001
10,10,0.7,512,0.4320778990791283,0.3724599386220349,0.2939914163090129,0.1
10,10,0.7,512,0.5827300095837327,0.5399322838519848,0.4098712446351932,0.01
10,10,0.7,512,0.6657751364640194,0.6107981059540813,0.51931330472103,0.001
10,10,0.7,512,0.785735863994333,0.6943277207046621,0.6115879828326181,0.0001
10,10,1.0,64,0.5740278240760032,0.547039882349843,0.45278969957081544,0.1
10,10,1.0,64,0.5987567190299596,0.5573757542247502,0.4291845493562232,0.01
10,10,1.0,64,0.5572940539189133,0.52069931560157,0.3776824034334764,0.001
10,10,1.0,64,0.6961487978665777,0.6270213431779526,0.5429184549356223,0.0001
10,10,1.0,128,0.3639344347681153,0.3418097260382271,0.2553648068669528,0.1
10,10,1.0,128,0.6013870369598734,0.5436028846860284,0.4098712446351932,0.01
10,10,1.0,128,0.5691825701070878,0.532744175433623,0.3948497854077253,0.001
10,10,1.0,128,0.7734697279053293,0.6830306699156928,0.6008583690987125,0.0001
10,10,1.0,256,0.6601082336764033,0.5125352805146015,0.5171673819742489,0.1
10,10,1.0,256,0.5957774282261761,0.5477298878964871,0.4227467811158798,0.01
10,10,1.0,256,0.5098493687236969,0.5165907565113,0.3497854077253219,0.001
10,10,1.0,256,0.7875640651693818,0.6949468299485476,0.6137339055793991,0.0001
10,10,1.0,512,0.8209873328055335,0.6731877993455957,0.6330472103004292,0.1
10,10,1.0,512,0.6057934705612734,0.5506904966090027,0.4248927038626609,0.01
10,10,1.0,512,0.6534751447976999,0.6033832454518664,0.5021459227467812,0.001
10,10,1.0,512,0.792816888203675,0.6994562443402462,0.6180257510729614,0.0001
15,10,0.1,64,0.6123562440101671,0.4453945798143001,0.43991416309012876,0.1
15,10,0.1,64,0.5844279969998749,0.5434444248022178,0.41416309012875535,0.01
15,10,0.1,64,0.5646224842701779,0.5313716636165902,0.37339055793991416,0.001
15,10,0.1,64,0.7912647401975083,0.6994360200611808,0.630901287553648,0.0001
15,10,0.1,128,0.8047483749322889,0.7259592354807689,0.703862660944206,0.1
15,10,0.1,128,0.6013141172548856,0.5425828504500574,0.4313304721030043,0.01
15,10,0.1,128,0.5705862744281012,0.5359150517551909,0.3776824034334764,0.001
15,10,0.1,128,0.7842019459144131,0.6920718532382301,0.6115879828326181,0.0001
15,10,0.1,256,0.2458487853660569,0.31483915859278644,0.16952789699570817,0.1
15,10,0.1,256,0.6075617734072254,0.5548188698109452,0.4206008583690987,0.01
15,10,0.1,256,0.5295741489228718,0.5249708644861613,0.371244635193133,0.001
15,10,0.1,256,0.7830352306346098,0.6917919187358704,0.6115879828326181,0.0001
15,10,0.1,512,0.9127958456602359,0.8517863756121045,0.7918454935622318,0.1
15,10,0.1,512,0.6052465727738655,0.5584263293777136,0.42703862660944214,0.01
15,10,0.1,512,0.6600561481728404,0.6060665487919,0.5,0.001
15,10,0.1,512,0.7890224592691362,0.6970919470227153,0.6158798283261803,0.0001
15,10,0.3,64,0.7339107879494979,0.5651658631383901,0.5643776824034334,0.1
15,10,0.3,64,0.6186221300887537,0.5736842242960462,0.45064377682403434,0.01
15,10,0.3,64,0.5377151131297138,0.517056752926085,0.3540772532188841,0.001
15,10,0.3,64,0.777396974873953,0.6882717364059279,0.6094420600858369,0.0001
15,10,0.3,128,0.5423090545439393,0.45141828456391475,0.44420600858369097,0.1
15,10,0.3,128,0.6244531022125922,0.5667558997932567,0.4613733905579399,0.01
15,10,0.3,128,0.6027438643276803,0.5503341960133099,0.4077253218884121,0.001
15,10,0.3,128,0.7929991874661445,0.700947880465921,0.6180257510729614,0.0001
15,10,0.3,256,0.484699883328472,0.3999730234172303,0.371244635193133,0.1
15,10,0.3,256,0.5878395974832284,0.5408100710809703,0.4184549356223176,0.01
15,10,0.3,256,0.5044298720780032,0.5121682397781372,0.3605150214592274,0.001
15,10,0.3,256,0.7870666486103587,0.6945931618050939,0.6115879828326181,0.0001
15,10,0.3,512,0.822018625776074,0.7320401857959647,0.6566523605150214,0.1
15,10,0.3,512,0.6040329805408559,0.5453123883476201,0.4163090128755364,0.01
15,10,0.3,512,0.6706920080003334,0.613113337698802,0.51931330472103,0.001
15,10,0.3,512,0.7879338722446769,0.6964063172140363,0.6137339055793991,0.0001
15,10,0.5,64,0.8565291782990958,0.7572030276717232,0.7017167381974249,0.1
15,10,0.5,64,0.5979259552481354,0.559158189815784,0.43776824034334766,0.01
15,10,0.5,64,0.5903891828826201,0.5427663021395311,0.39270386266094426,0.001
15,10,0.5,64,0.7743994541439226,0.6856765798778087,0.6072961373390557,0.0001
15,10,0.5,128,0.48968967456977375,0.39194301173567236,0.3369098712446352,0.1
15,10,0.5,128,0.606158069086212,0.5484050868739571,0.4291845493562232,0.01
15,10,0.5,128,0.565586066086087,0.5369581534987342,0.36695278969957085,0.001
15,10,0.5,128,0.7807330513771408,0.6899110474476332,0.6072961373390557,0.0001
15,10,0.5,256,0.47449112463019294,0.3538116478128044,0.34549356223175964,0.1
15,10,0.5,256,0.6062856785699404,0.5476081178423461,0.4334763948497854,0.01
15,10,0.5,256,0.5257693028876202,0.5265670349661905,0.37339055793991416,0.001
15,10,0.5,256,0.7833842035084796,0.692115572240574,0.6137339055793991,0.0001
15,10,0.5,512,0.6744161215050628,0.5879736559829443,0.4957081545064378,0.1
15,10,0.5,512,0.60088962040085,0.5529718446002557,0.4227467811158798,0.01
15,10,0.5,512,0.6541548606191925,0.6030528431661526,0.49141630901287553,0.001
15,10,0.5,512,0.7863660985874413,0.694682069806514,0.6137339055793991,0.0001
15,10,0.7,64,0.6289897495728989,0.5026352675703987,0.463519313304721,0.1
15,10,0.7,64,0.6143823700987541,0.5716555234553488,0.45278969957081544,0.01
15,10,0.7,64,0.6142964290178758,0.5559998688280591,0.4077253218884121,0.001
15,10,0.7,64,0.7997260302512605,0.7053803765699233,0.6416309012875536,0.0001
15,10,0.7,128,0.5943476811533814,0.5334814541161996,0.4699570815450644,0.1
15,10,0.7,128,0.6366202758448269,0.581015917953942,0.4678111587982833,0.01
15,10,0.7,128,0.5412517188216175,0.5133541827916169,0.36909871244635195,0.001
15,10,0.7,128,0.7853816825701072,0.6937217205876288,0.6137339055793991,0.0001
15,10,0.7,256,0.8254718946622775,0.7602402528610326,0.6802575107296137,0.1
15,10,0.7,256,0.5750421892578857,0.5249219846766797,0.3948497854077253,0.01
15,10,0.7,256,0.5218055960665028,0.5199027931026015,0.34334763948497854,0.001
15,10,0.7,256,0.7827904287678653,0.6913808495035603,0.6115879828326181,0.0001
15,10,0.7,512,0.5776282345097712,0.5065876993962719,0.4313304721030043,0.1
15,10,0.7,512,0.6191039209967082,0.5574536689600104,0.44206008583690987,0.01
15,10,0.7,512,0.6462769282053419,0.5973911915244234,0.4957081545064378,0.001
15,10,0.7,512,0.7869025792741364,0.6949508943521816,0.6158798283261803,0.0001
15,10,1.0,64,0.6301356306512771,0.5478147636943156,0.4549356223175965,0.1
15,10,1.0,64,0.5869385182715947,0.5375894566922759,0.4206008583690987,0.01
15,10,1.0,64,0.5634713946414434,0.527802641734954,0.36909871244635195,0.001
15,10,1.0,64,0.7801184424351013,0.6930442545509281,0.6201716738197425,0.0001
15,10,1.0,128,0.5658673278053252,0.45429213673162944,0.4334763948497854,0.1
15,10,1.0,128,0.6284480603358473,0.5726280038269984,0.4613733905579399,0.01
15,10,1.0,128,0.621794137255719,0.569521695485237,0.4356223175965665,0.001
15,10,1.0,128,0.787639589149548,0.6955042794280303,0.6158798283261803,0.0001
15,10,1.0,256,0.5911444226842786,0.5125900442588064,0.4678111587982833,0.1
15,10,1.0,256,0.6002177174048919,0.5450372535872979,0.4163090128755364,0.01
15,10,1.0,256,0.5249828117838243,0.527454844914679,0.3648068669527897,0.001
15,10,1.0,256,0.7895849827076129,0.6961920971533507,0.6137339055793991,0.0001
15,10,1.0,512,0.67345774823951,0.5847686178608537,0.48283261802575106,0.1
15,10,1.0,512,0.6033506604441852,0.5458656995580116,0.4184549356223176,0.01
15,10,1.0,512,0.6566263177632401,0.6041449366855886,0.5021459227467812,0.001
15,10,1.0,512,0.7843373682236761,0.6930811885581978,0.6115879828326181,0.0001
20,10,0.1,64,0.5462779699154132,0.4419635736801268,0.38412017167381973,0.1
20,10,0.1,64,0.5877536564023501,0.5475684344948152,0.4248927038626609,0.01
20,10,0.1,64,0.5668152839701655,0.5306279684412971,0.39270386266094426,0.001
20,10,0.1,64,0.7494036209842077,0.6660998112056231,0.5836909871244635,0.0001
20,10,0.1,128,0.5619192466352765,0.45243052742513334,0.4055793991416309,0.1
20,10,0.1,128,0.5972618650777115,0.5476508940812023,0.4334763948497854,0.01
20,10,0.1,128,0.5637760948372849,0.5365804459469681,0.37339055793991416,0.001
20,10,0.1,128,0.7840508979540814,0.6926296016263184,0.6115879828326181,0.0001
20,10,0.1,256,0.6314533938914122,0.5527181341774486,0.555793991416309,0.1
20,10,0.1,256,0.6348832243010125,0.5670844895199716,0.48283261802575106,0.01
20,10,0.1,256,0.5219410183757657,0.5267401847567919,0.3798283261802575,0.001
20,10,0.1,256,0.7857905537730738,0.6936801210107548,0.6137339055793991,0.0001
20,10,0.1,512,0.5354832493020543,0.44533174152861943,0.4291845493562232,0.1
20,10,0.1,512,0.5931835701487562,0.536699551848171,0.4055793991416309,0.01
20,10,0.1,512,0.6546001916746531,0.6027468250394352,0.4892703862660944,0.001
20,10,0.1,512,0.785595233134714,0.6937271500657106,0.6137339055793991,0.0001
20,10,0.3,64,0.5152896995708154,0.4256606560409627,0.371244635193133,0.1
20,10,0.3,64,0.5946445685236884,0.5481244433805121,0.4248927038626609,0.01
20,10,0.3,64,0.5836519229967916,0.5410728279491022,0.4034334763948498,0.001
20,10,0.3,64,0.7522683236801533,0.6699331152598944,0.5987124463519313,0.0001
20,10,0.3,128,0.5036043168465353,0.48437132798885735,0.3755364806866953,0.1
20,10,0.3,128,0.5895922746781116,0.5405326031296243,0.41416309012875535,0.01
20,10,0.3,128,0.6038845368557023,0.5584925012804802,0.4248927038626609,0.001
20,10,0.3,128,0.7831940914204758,0.6915032333128117,0.6115879828326181,0.0001
20,10,0.3,256,0.5303372015500646,0.4369370685389304,0.3819742489270386,0.1
20,10,0.3,256,0.6213279719988333,0.5552802669050121,0.43776824034334766,0.01
20,10,0.3,256,0.5155240843368474,0.5196450147262013,0.3497854077253219,0.001
20,10,0.3,256,0.7909678528272012,0.6974603155818488,0.6158798283261803,0.0001
20,10,0.3,512,0.5437127588649527,0.5157980396490937,0.37339055793991416,0.1
20,10,0.3,512,0.5992749697904078,0.5430140865398678,0.4334763948497854,0.01
20,10,0.3,512,0.6548085336889038,0.6023524018669947,0.49141630901287553,0.001
20,10,0.3,512,0.7886682778449102,0.696218924674247,0.6137339055793991,0.0001
20,10,0.5,64,0.49478233468061167,0.49496188486267745,0.34334763948497854,0.1
20,10,0.5,64,0.614715717321555,0.5654714562166132,0.44420600858369097,0.01
20,10,0.5,64,0.5458378474103087,0.513969151007127,0.3648068669527897,0.001
20,10,0.5,64,0.75224488520355,0.6700642768608975,0.5858369098712446,0.0001
20,10,0.5,128,0.52597894703946,0.43505996811402253,0.3798283261802575,0.1
20,10,0.5,128,0.6327711571315471,0.5788107232833047,0.4656652360515021,0.01
20,10,0.5,128,0.5637865119379974,0.5255046069307642,0.36909871244635195,0.001
20,10,0.5,128,0.7832878453268886,0.6917609041861513,0.6137339055793991,0.0001
20,10,0.5,256,0.4713165131880495,0.32466685989138155,0.33047210300429186,0.1
20,10,0.5,256,0.6131870077919913,0.554182780368901,0.44206008583690987,0.01
20,10,0.5,256,0.55459342055919,0.5404418941605653,0.39270386266094426,0.001
20,10,0.5,256,0.7837930747114464,0.6919014655485509,0.6115879828326181,0.0001
20,10,0.5,512,0.7136807783657653,0.637738192215049,0.5600858369098712,0.1
20,10,0.5,512,0.6069940414183924,0.5520269713930531,0.42703862660944214,0.01
20,10,0.5,512,0.6528787657819075,0.6002817128776013,0.4957081545064378,0.001
20,10,0.5,512,0.7910329597066543,0.698841116810804,0.6180257510729614,0.0001
20,10,0.7,64,0.8252388120338348,0.7361212989924886,0.6587982832618026,0.1
20,10,0.7,64,0.5875843785157715,0.5421680650060768,0.4227467811158798,0.01
20,10,0.7,64,0.5536116088170341,0.5239864158131227,0.34763948497854075,0.001
20,10,0.7,64,0.7627921996749865,0.6760883474068996,0.592274678111588,0.0001
20,10,0.7,128,0.5894347160298345,0.5346566137344706,0.41201716738197425,0.1
20,10,0.7,128,0.6198591607983666,0.5614140460420008,0.4549356223175965,0.01
20,10,0.7,128,0.5323789532897204,0.5189208375021356,0.3583690987124464,0.001
20,10,0.7,128,0.78359254552273,0.6918243469835533,0.6094420600858369,0.0001
20,10,0.7,256,0.5048517646568608,0.3858691457116412,0.351931330472103,0.1
20,10,0.7,256,0.6054184549356223,0.5533682139640621,0.4227467811158798,0.01
20,10,0.7,256,0.5256885703570982,0.5283713673575222,0.3776824034334764,0.001
20,10,0.7,256,0.7859207675319806,0.6938069846053438,0.6137339055793991,0.0001
20,10,0.7,512,0.5218160131672154,0.4494912167226458,0.3626609442060086,0.1
20,10,0.7,512,0.6015432934705613,0.5401315128857898,0.4291845493562232,0.01
20,10,0.7,512,0.6725097920746698,0.6137721980742751,0.5236051502145923,0.001
20,10,0.7,512,0.7903636609858744,0.6978566876829497,0.6158798283261803,0.0001
20,10,1.0,64,0.7495715967331972,0.6661033707741582,0.5793991416309013,0.1
20,10,1.0,64,0.5729223092628859,0.5321118966237202,0.4012875536480687,0.01
20,10,1.0,64,0.6301434434768115,0.5632519932951839,0.43991416309012876,0.001
20,10,1.0,64,0.7642636151506312,0.6770463995224373,0.5987124463519313,0.0001
20,10,1.0,128,0.5169616442351765,0.3982589195093361,0.34549356223175964,0.1
20,10,1.0,128,0.6007906579440809,0.5512936946174198,0.4313304721030043,0.01
20,10,1.0,128,0.5919699779157465,0.5435563895246931,0.38626609442060084,0.001
20,10,1.0,128,0.7851342764281845,0.6929338106520646,0.6115879828326181,0.0001
20,10,1.0,256,0.49675246885286883,0.4154173795520302,0.4034334763948498,0.1
20,10,1.0,256,0.5844227884495188,0.5307421982640035,0.41201716738197425,0.01
20,10,1.0,256,0.5477806366931955,0.5357082584631032,0.38412017167381973,0.001
20,10,1.0,256,0.7830899204133506,0.6918821359771512,0.6094420600858369,0.0001
20,10,1.0,512,0.7514089128713697,0.6626559805505857,0.5858369098712446,0.1
20,10,1.0,512,0.5926314638109922,0.5366415523980104,0.4184549356223176,0.01
20,10,1.0,512,0.6620588357848244,0.6056238253552282,0.5042918454935622,0.001
20,10,1.0,512,0.78862660944206,0.6961386217536226,0.6137339055793991,0.0001
25,10,0.1,64,0.5498536397349889,0.41309080503619783,0.3948497854077253,0.1
25,10,0.1,64,0.600160423350973,0.5431435960439025,0.4248927038626609,0.01
25,10,0.1,64,0.5343529938747448,0.5096553828041569,0.31759656652360513,0.001
25,10,0.1,64,0.7441534022250929,0.6610097111316977,0.5772532188841202,0.0001
25,10,0.1,128,0.46745437309887916,0.37679751660134125,0.3111587982832618,0.1
25,10,0.1,128,0.6110280636693195,0.5559281174895924,0.43991416309012876,0.01
25,10,0.1,128,0.5610233759739989,0.5264326842781373,0.34763948497854075,0.001
25,10,0.1,128,0.7803528272011335,0.6893459637228453,0.6072961373390557,0.0001
25,10,0.1,256,0.5473483270136256,0.45773209928533476,0.3648068669527897,0.1
25,10,0.1,256,0.6111791116296512,0.5529019031060962,0.43776824034334766,0.01
25,10,0.1,256,0.5263031792991375,0.5257297930783911,0.37339055793991416,0.001
25,10,0.1,256,0.7882880536689029,0.6961732194342514,0.6158798283261803,0.0001
25,10,0.1,512,0.7294678944956039,0.656898676388774,0.6072961373390557,0.1
25,10,0.1,512,0.6224321846743615,0.5622481422329315,0.43991416309012876,0.01
25,10,0.1,512,0.6649339555814826,0.6095621995451836,0.5107296137339056,0.001
25,10,0.1,512,0.790199591649652,0.6975126789760676,0.6158798283261803,0.0001
25,10,0.3,64,0.5039650089587067,0.5046555566559051,0.34120171673819744,0.1
25,10,0.3,64,0.5962019250802116,0.5520413127763754,0.4227467811158798,0.01
25,10,0.3,64,0.5907876369848744,0.541455833043027,0.3948497854077253,0.001
25,10,0.3,64,0.7603363681820077,0.6731187714192661,0.592274678111588,0.0001
25,10,0.3,128,0.39177543855993996,0.30716087838127065,0.27682403433476394,0.1
25,10,0.3,128,0.6164762073419725,0.5564704269383723,0.45064377682403434,0.01
25,10,0.3,128,0.6022230092920537,0.5441251140859211,0.4012875536480687,0.001
25,10,0.3,128,0.774425496895704,0.6841794061659004,0.6051502145922747,0.0001
25,10,0.3,256,0.5737035918163257,0.5394534525129705,0.4313304721030043,0.1
25,10,0.3,256,0.6138537022375932,0.5579924242266944,0.4291845493562232,0.01
25,10,0.3,256,0.528811096295679,0.5269325023620324,0.371244635193133,0.001
25,10,0.3,256,0.7902256344014335,0.6975956366312748,0.6158798283261803,0.0001
25,10,0.3,512,0.8343654943955998,0.7269594427890207,0.6759656652360515,0.1
25,10,0.3,512,0.5955768990374599,0.5413056210246543,0.4098712446351932,0.01
25,10,0.3,512,0.6480842951789658,0.5992534123843697,0.4957081545064378,0.001
25,10,0.3,512,0.7965982957623233,0.7032288810208009,0.6266094420600858,0.0001
25,10,0.5,64,0.5523550460435851,0.4789944726683281,0.38626609442060084,0.1
25,10,0.5,64,0.6011370265427727,0.5510190168722918,0.44635193133047213,0.01
25,10,0.5,64,0.5743312221342556,0.5245365468619688,0.3819742489270386,0.001
25,10,0.5,64,0.7827305304387683,0.6909305764774955,0.6158798283261803,0.0001
25,10,0.5,128,0.5208055543981,0.43442603402271507,0.388412017167382,0.1
25,10,0.5,128,0.6201690695445644,0.5649243867504804,0.45064377682403434,0.01
25,10,0.5,128,0.5702373015542315,0.5338146422315013,0.34763948497854075,0.001
25,10,0.5,128,0.7832175298970789,0.6914365948459738,0.6115879828326181,0.0001
25,10,0.5,256,0.6709420184174342,0.5407736280355584,0.48283261802575106,0.1
25,10,0.5,256,0.6122781157548232,0.5476674732100455,0.4248927038626609,0.01
25,10,0.5,256,0.5078518896620693,0.5150502849021701,0.3540772532188841,0.001
25,10,0.5,256,0.7848009292053836,0.6930531089961107,0.6137339055793991,0.0001
25,10,0.5,512,0.4457607608650361,0.42720566623830625,0.351931330472103,0.1
25,10,0.5,512,0.6272136339014125,0.5621374169226613,0.4334763948497854,0.01
25,10,0.5,512,0.6460060835868162,0.5996211428671033,0.49141630901287553,0.001
25,10,0.5,512,0.787819284136839,0.6951744843301744,0.6158798283261803,0.0001
25,10,0.7,64,0.7993575253135548,0.6937813830093845,0.6373390557939914,0.1
25,10,0.7,64,0.6155360640026668,0.5625689259335378,0.44420600858369097,0.01
25,10,0.7,64,0.5617161131713821,0.52565379595158,0.3540772532188841,0.001
25,10,0.7,64,0.7811757781574232,0.6897768487582236,0.6137339055793991,0.0001
25,10,0.7,128,0.5500359389974582,0.5211251179274445,0.39914163090128757,0.1
25,10,0.7,128,0.6054627276136506,0.5498435330701812,0.4227467811158798,0.01
25,10,0.7,128,0.5604634568107005,0.5324599670099308,0.3626609442060086,0.001
25,10,0.7,128,0.7820013333888911,0.6914650581271976,0.6158798283261803,0.0001
25,10,0.7,256,0.6994406016917372,0.5787704138304585,0.5,0.1
25,10,0.7,256,0.6088925580232509,0.5510836314431843,0.4356223175965665,0.01
25,10,0.7,256,0.5529943955998167,0.5351236156045707,0.4055793991416309,0.001
25,10,0.7,256,0.7854676236509854,0.6933760775996731,0.6094420600858369,0.0001
25,10,0.7,512,0.7080451268802865,0.5993749606760761,0.5708154506437768,0.1
25,10,0.7,512,0.6320263344306013,0.5736188206166531,0.4592274678111588,0.01
25,10,0.7,512,0.6872213425559399,0.6269075382830311,0.5386266094420601,0.001
25,10,0.7,512,0.7825612525521897,0.6912321851264762,0.6115879828326181,0.0001
25,10,1.0,64,0.5957383640985041,0.4999731938193945,0.44635193133047213,0.1
25,10,1.0,64,0.6038767240301679,0.5580258624659121,0.4313304721030043,0.01
25,10,1.0,64,0.5674429142880955,0.5242280463454834,0.3819742489270386,0.001
25,10,1.0,64,0.725139589149548,0.6502372703988897,0.5686695278969958,0.0001
25,10,1.0,128,0.6278022000916705,0.4827212289288741,0.4742489270386266,0.1
25,10,1.0,128,0.6266250677111547,0.5706226328350892,0.4592274678111588,0.01
25,10,1.0,128,0.6140099587482811,0.5581365810319325,0.3948497854077253,0.001
25,10,1.0,128,0.7807018000750031,0.6898117706488389,0.6094420600858369,0.0001
25,10,1.0,256,0.5918879432476354,0.5448766429959588,0.42703862660944214,0.1
25,10,1.0,256,0.5889281845076879,0.531026625849454,0.4098712446351932,0.01
25,10,1.0,256,0.5561351514646444,0.5333588702257396,0.3819742489270386,0.001
25,10,1.0,256,0.7892959081628401,0.6971413282096889,0.6158798283261803,0.0001
25,10,1.0,512,0.777709487895329,0.7004816271572228,0.5965665236051502,0.1
25,10,1.0,512,0.6269427892828867,0.5532771105048101,0.44849785407725323,0.01
25,10,1.0,512,0.674223405141881,0.6150512725580823,0.5214592274678111,0.001
25,10,1.0,512,0.788368786199425,0.695447531460972,0.6137339055793991,0.0001
5,12,0.1,64,0.558075336472353,0.46050620981616697,0.4098712446351932,0.1
5,12,0.1,64,0.5700966706946122,0.5315294621357207,0.4012875536480687,0.01
5,12,0.1,64,0.5725186466102755,0.5389383704252325,0.3948497854077253,0.001
5,12,0.1,64,0.6732155506479436,0.6149266628122696,0.5278969957081545,0.0001
5,12,0.1,128,0.4752489687070295,0.37041919610936436,0.3240343347639485,0.1
5,12,0.1,128,0.5693205966915288,0.5277185498770576,0.3969957081545064,0.01
5,12,0.1,128,0.5580675236468186,0.5197657178995974,0.3648068669527897,0.001
5,12,0.1,128,0.7891057960748364,0.6971007547248785,0.6180257510729614,0.0001
5,12,0.1,256,0.8378057419059127,0.736352723902541,0.6716738197424893,0.1
5,12,0.1,256,0.5466660069169549,0.5128649448431104,0.3605150214592274,0.01
5,12,0.1,256,0.5041225676069836,0.5121960798915239,0.34334763948497854,0.001
5,12,0.1,256,0.7870458144089337,0.6948564440315851,0.6158798283261803,0.0001
5,12,0.1,512,0.6294481020042502,0.561413136567087,0.4892703862660944,0.1
5,12,0.1,512,0.5577940747531147,0.5169980809286419,0.34549356223175964,0.01
5,12,0.1,512,0.6401959456644027,0.5911341862535454,0.4871244635193133,0.001
5,12,0.1,512,0.7875744822700946,0.6956841346309368,0.6137339055793991,0.0001
5,12,0.3,64,0.595873786407767,0.46410742715328185,0.45064377682403434,0.1
5,12,0.3,64,0.5538746406100254,0.5187126692420753,0.371244635193133,0.01
5,12,0.3,64,0.5707946164423519,0.5207825594436372,0.351931330472103,0.001
5,12,0.3,64,0.7332571148797866,0.6515118960537641,0.5686695278969958,0.0001
5,12,0.3,128,0.5981004416850701,0.46405290923163256,0.45064377682403434,0.1
5,12,0.3,128,0.5583019084128505,0.5258485680013106,0.3819742489270386,0.01
5,12,0.3,128,0.5386005666902788,0.5237791953416033,0.3540772532188841,0.001
5,12,0.3,128,0.7875666694445602,0.6951524016795497,0.6180257510729614,0.0001
5,12,0.3,256,0.6190882953456394,0.4776563318646266,0.463519313304721,0.1
5,12,0.3,256,0.5413350556273178,0.516718307080992,0.371244635193133,0.01
5,12,0.3,256,0.5167975748989541,0.519127458998704,0.351931330472103,0.001
5,12,0.3,256,0.7834597274886453,0.6922691446592251,0.6094420600858369,0.0001
5,12,0.3,512,0.6626526105254386,0.5811857469108945,0.4892703862660944,0.1
5,12,0.3,512,0.5446971748822867,0.5143855849457228,0.3540772532188841,0.01
5,12,0.3,512,0.6576810492103837,0.6043066579522812,0.5085836909871244,0.001
5,12,0.3,512,0.7912985957748239,0.6988470685453242,0.6137339055793991,0.0001
5,12,0.5,64,0.44899006208592024,0.3368062070181508,0.3111587982832618,0.1
5,12,0.5,64,0.5397985332722197,0.5158275552265301,0.3605150214592274,0.01
5,12,0.5,64,0.5049064544356014,0.49280298401800066,0.31759656652360513,0.001
5,12,0.5,64,0.7589899579149131,0.672620976143537,0.592274678111588,0.0001
5,12,0.5,128,0.34349087461977584,0.443733398542159,0.2854077253218884,0.1
5,12,0.5,128,0.5642344472686361,0.5281224355240082,0.36695278969957085,0.01
5,12,0.5,128,0.5253500145839409,0.514729254080758,0.3648068669527897,0.001
5,12,0.5,128,0.7826680278344932,0.6906392829954263,0.6115879828326181,0.0001
5,12,0.5,256,0.400055731488812,0.3704602042824064,0.30472103004291845,0.1
5,12,0.5,256,0.5415616275678153,0.5084818481476221,0.3240343347639485,0.01
5,12,0.5,256,0.5044923746822785,0.513859211783951,0.34549356223175964,0.001
5,12,0.5,256,0.7852176132338846,0.6932331637068425,0.6158798283261803,0.0001
5,12,0.5,512,0.3856358598274928,0.4239862267171792,0.34334763948497854,0.1
5,12,0.5,512,0.5378270969623735,0.5084505143668278,0.34763948497854075,0.01
5,12,0.5,512,0.6419954998124922,0.5940158441385835,0.48497854077253216,0.001
5,12,0.5,512,0.7888505771073795,0.6963508972102354,0.6137339055793991,0.0001
5,12,0.7,64,0.8523922871786325,0.7678788768170464,0.7017167381974249,0.1
5,12,0.7,64,0.5988218259094129,0.5518334324407537,0.42703862660944214,0.01
5,12,0.7,64,0.5645469602900122,0.5316981881315013,0.38626609442060084,0.001
5,12,0.7,64,0.7682273219717488,0.6805562384075778,0.5965665236051502,0.0001
5,12,0.7,128,0.5813653693903912,0.48220792604086304,0.4163090128755364,0.1
5,12,0.7,128,0.5503224092670528,0.5222208727754295,0.3648068669527897,0.01
5,12,0.7,128,0.5387724488520356,0.5205922935955238,0.3626609442060086,0.001
5,12,0.7,128,0.7802200091670486,0.687917951350573,0.6051502145922747,0.0001
5,12,0.7,256,0.3739869369557065,0.4513738965686486,0.30042918454935624,0.1
5,12,0.7,256,0.572687924496854,0.5275245821260728,0.3948497854077253,0.01
5,12,0.7,256,0.5579841868411184,0.5359306243902179,0.3798283261802575,0.001
5,12,0.7,256,0.7835040001666737,0.692287583078796,0.6115879828326181,0.0001
5,12,0.7,512,0.792853348056169,0.6942966821693022,0.6180257510729614,0.1
5,12,0.7,512,0.5258682653443894,0.49817944024002486,0.3197424892703863,0.01
5,12,0.7,512,0.6635849410392101,0.6064052988191051,0.5085836909871244,0.001
5,12,0.7,512,0.7854259552481354,0.6938678555069988,0.6137339055793991,0.0001
5,12,1.0,64,0.5966238176590692,0.47969480741095827,0.4570815450643777,0.1
5,12,1.0,64,0.573120234176424,0.539133547931193,0.3969957081545064,0.01
5,12,1.0,64,0.5752921996749865,0.533924266651805,0.3776824034334764,0.001
5,12,1.0,64,0.7299184341014209,0.6515423273040335,0.572961373390558,0.0001
5,12,1.0,128,0.44268511187966164,0.32851049487604533,0.3111587982832618,0.1
5,12,1.0,128,0.5574867702820951,0.5139807742771094,0.3776824034334764,0.01
5,12,1.0,128,0.5249307262802616,0.5149146379354694,0.351931330472103,0.001
5,12,1.0,128,0.7882724280178341,0.6954993870319511,0.6137339055793991,0.0001
5,12,1.0,256,0.5902615733988916,0.5171290414080829,0.48497854077253216,0.1
5,12,1.0,256,0.5647839493312221,0.5267913186524917,0.3819742489270386,0.01
5,12,1.0,256,0.5187221342555941,0.5204150337775797,0.36695278969957085,0.001
5,12,1.0,256,0.7839284970207091,0.6924426351998472,0.6115879828326181,0.0001
5,12,1.0,512,0.7821029001208384,0.6915518032419276,0.6137339055793991,0.1
5,12,1.0,512,0.5186674444768532,0.49423454258241384,0.30686695278969955,0.01
5,12,1.0,512,0.6441648610358766,0.5954550252519265,0.49356223175965663,0.001
5,12,1.0,512,0.7863322430101253,0.6944685927297718,0.6115879828326181,0.0001
10,12,0.1,64,0.6235858785782742,0.5166887085004179,0.44635193133047213,0.1
10,12,0.1,64,0.608027938664111,0.5600192685723528,0.4291845493562232,0.01
10,12,0.1,64,0.5565804825201051,0.5230224574846449,0.3583690987124464,0.001
10,12,0.1,64,0.7286996333180549,0.652893327302364,0.5643776824034334,0.0001
10,12,0.1,128,0.5253187632818034,0.42965770126421865,0.3583690987124464,0.1
10,12,0.1,128,0.6135125421892579,0.5677309331298999,0.44635193133047213,0.01
10,12,0.1,128,0.5707920121671737,0.5321247412995593,0.36695278969957085,0.001
10,12,0.1,128,0.7877854285595233,0.6951836086927023,0.6137339055793991,0.0001
10,12,0.1,256,0.6003713696404016,0.5492243052374061,0.43991416309012876,0.1
10,12,0.1,256,0.5864280803366808,0.5373975114164977,0.41201716738197425,0.01
10,12,0.1,256,0.5212326555273136,0.5201673023013389,0.3605150214592274,0.001
10,12,0.1,256,0.7907543022625942,0.6973966452507022,0.6158798283261803,0.0001
10,12,0.1,512,0.7971764448518689,0.6828626537056645,0.628755364806867,0.1
10,12,0.1,512,0.5586482770115422,0.5227120750528577,0.39914163090128757,0.01
10,12,0.1,512,0.6593790366265262,0.6068860655732818,0.5107296137339056,0.001
10,12,0.1,512,0.7890615233968081,0.6968626184813776,0.6158798283261803,0.0001
10,12,0.3,64,0.5932564898537439,0.5012409013269468,0.42703862660944214,0.1
10,12,0.3,64,0.5758364931872162,0.5337734387290922,0.3948497854077253,0.01
10,12,0.3,64,0.5248291595483145,0.5133238450485034,0.3369098712446352,0.001
10,12,0.3,64,0.778985582732614,0.6853171327624021,0.6008583690987125,0.0001
10,12,0.3,128,0.5774928122005083,0.47450468923636724,0.4549356223175965,0.1
10,12,0.3,128,0.6265261052543856,0.5757908598822368,0.45278969957081544,0.01
10,12,0.3,128,0.5496687361973416,0.528680026747449,0.38412017167381973,0.001
10,12,0.3,128,0.7845092503854327,0.6931474796468817,0.6094420600858369,0.0001
10,12,0.3,256,0.6359366536105672,0.5221728060385942,0.5107296137339056,0.1
10,12,0.3,256,0.5852379265802742,0.5414410224398363,0.41416309012875535,0.01
10,12,0.3,256,0.5351134422267594,0.5263966097089366,0.3605150214592274,0.001
10,12,0.3,256,0.7857827409475395,0.6933805139331736,0.6094420600858369,0.0001
10,12,0.3,512,0.7411741114213092,0.682384304750037,0.6115879828326181,0.1
10,12,0.3,512,0.5860634818117422,0.5403483870046335,0.4012875536480687,0.01
10,12,0.3,512,0.665275115629818,0.6106694854364667,0.5171673819742489,0.001
10,12,0.3,512,0.7851394849785407,0.6939128675417546,0.6137339055793991,0.0001
10,12,0.5,64,0.7488267740322513,0.6513051853818927,0.5858369098712446,0.1
10,12,0.5,64,0.5990483978499104,0.551043303517728,0.4163090128755364,0.01
10,12,0.5,64,0.5677189674569774,0.5294002724497393,0.4012875536480687,0.001
10,12,0.5,64,0.7437914079753324,0.6633903584737635,0.5858369098712446,0.0001
10,12,0.5,128,0.5589673007208634,0.43627829900727466,0.38412017167381973,0.1
10,12,0.5,128,0.6420996708196176,0.5866487455844999,0.4613733905579399,0.01
10,12,0.5,128,0.5695888370348764,0.5355002083156098,0.3819742489270386,0.001
10,12,0.5,128,0.7810742114254761,0.6903607157348616,0.6115879828326181,0.0001
10,12,0.5,256,0.6968311179632485,0.6043851706816361,0.5450643776824035,0.1
10,12,0.5,256,0.5980978374098921,0.5429067545535566,0.42703862660944214,0.01
10,12,0.5,256,0.5297850952123005,0.5259888000153374,0.36909871244635195,0.001
10,12,0.5,256,0.7850639609983749,0.693465633021166,0.6115879828326181,0.0001
10,12,0.5,512,0.6521026917788242,0.5279960817801057,0.51931330472103,0.1
10,12,0.5,512,0.5717660110837952,0.5332057782893387,0.4098712446351932,0.01
10,12,0.5,512,0.6820648777032376,0.6215024072553266,0.5300429184549357,0.001
10,12,0.5,512,0.7874729155381474,0.6952413965597806,0.6158798283261803,0.0001
10,12,0.7,64,0.5228290762115089,0.4284990221734093,0.3648068669527897,0.1
10,12,0.7,64,0.5863577649068712,0.5458939448465046,0.41416309012875535,0.01
10,12,0.7,64,0.5543798699945831,0.525969971483501,0.3626609442060086,0.001
10,12,0.7,64,0.7458019084128505,0.6629816855217816,0.5815450643776824,0.0001
10,12,0.7,128,0.6036097858244094,0.5434562864320484,0.4656652360515021,0.1
10,12,0.7,128,0.6065825659402475,0.5550691470735273,0.44206008583690987,0.01
10,12,0.7,128,0.5351316721530064,0.5128427358075788,0.3497854077253219,0.001
10,12,0.7,128,0.7809778532438852,0.689809689377462,0.6072961373390557,0.0001
10,12,0.7,256,0.7699109858744113,0.6767129104093359,0.6137339055793991,0.1
10,12,0.7,256,0.613140130838785,0.5534085596527939,0.43991416309012876,0.01
10,12,0.7,256,0.5586743197633235,0.5433072423090726,0.4077253218884121,0.001
10,12,0.7,256,0.7853530355431476,0.6932165949896729,0.6158798283261803,0.0001
10,12,0.7,512,0.6257578440768365,0.5483287246421475,0.4957081545064378,0.1
10,12,0.7,512,0.6009495187299472,0.5565844035532727,0.4291845493562232,0.01
10,12,0.7,512,0.6527589691237137,0.6003002750285467,0.4957081545064378,0.001
10,12,0.7,512,0.7858322221759241,0.6941271759829326,0.6137339055793991,0.0001
10,12,1.0,64,0.647026959456644,0.5064718574628055,0.4721030042918455,0.1
10,12,1.0,64,0.6039288095337306,0.5544098466020266,0.4248927038626609,0.01
10,12,1.0,64,0.5455696070669611,0.5183204744157655,0.37339055793991416,0.001
10,12,1.0,64,0.7331347139464144,0.6526196372735347,0.5600858369098712,0.0001
10,12,1.0,128,0.7464399558314929,0.6745341418096586,0.5643776824034334,0.1
10,12,1.0,128,0.5986030667944499,0.5531294823202625,0.42703862660944214,0.01
10,12,1.0,128,0.5621171715488145,0.531721178179607,0.38412017167381973,0.001
10,12,1.0,128,0.7861629651235469,0.6937075099155411,0.6094420600858369,0.0001
10,12,1.0,256,0.5210607733655569,0.4321508859181048,0.4012875536480687,0.1
10,12,1.0,256,0.5899646860285845,0.537024744216092,0.4055793991416309,0.01
10,12,1.0,256,0.5031329430392933,0.518980152950043,0.37339055793991416,0.001
10,12,1.0,256,0.7877125088545355,0.6951802680271059,0.6158798283261803,0.0001
10,12,1.0,512,0.7602217800741697,0.6662697790813454,0.5858369098712446,0.1
10,12,1.0,512,0.5764667277803242,0.5338358072288119,0.41416309012875535,0.01
10,12,1.0,512,0.6702466769448727,0.6125595566605957,0.51931330472103,0.001
10,12,1.0,512,0.7898688487020292,0.6977671308393382,0.6180257510729614,0.0001
15,12,0.1,64,0.6790048543689322,0.5752693336623143,0.5085836909871244,0.1
15,12,0.1,64,0.611056710696279,0.562973771916835,0.4356223175965665,0.01
15,12,0.1,64,0.6273542647610317,0.5608846303272726,0.4248927038626609,0.001
15,12,0.1,64,0.7388328680361682,0.6581639347191575,0.575107296137339,0.0001
15,12,0.1,128,0.8033629005375225,0.7477756080760408,0.6566523605150214,0.1
15,12,0.1,128,0.6221613400558357,0.57122614067757,0.463519313304721,0.01
15,12,0.1,128,0.5591040251677153,0.5273348044900779,0.36909871244635195,0.001
15,12,0.1,128,0.7843061169215384,0.692713033544835,0.6137339055793991,0.0001
15,12,0.1,256,0.6236236405683571,0.5507089443511435,0.4055793991416309,0.1
15,12,0.1,256,0.6170986291095462,0.5482114124028749,0.4356223175965665,0.01
15,12,0.1,256,0.5328789741239219,0.5259761410152277,0.3583690987124464,0.001
15,12,0.1,256,0.7890875661485894,0.6962771579363809,0.6201716738197425,0.0001
15,12,0.1,512,0.7909964998541607,0.6915420313418564,0.6223175965665236,0.1
15,12,0.1,512,0.6173929122046752,0.5508907981052406,0.44420600858369097,0.01
15,12,0.1,512,0.649995833159715,0.5995736131660252,0.4957081545064378,0.001
15,12,0.1,512,0.7873973915579816,0.696207708697382,0.6137339055793991,0.0001
15,12,0.3,64,0.8680010104587691,0.8281374225570849,0.7446351931330472,0.1
15,12,0.3,64,0.6138953706404433,0.5647689839995923,0.44420600858369097,0.01
15,12,0.3,64,0.6170231051293804,0.5634505097961465,0.4206008583690987,0.001
15,12,0.3,64,0.7196107129463727,0.6475614690222389,0.5579399141630901,0.0001
15,12,0.3,128,0.462889078711613,0.362414813370751,0.34120171673819744,0.1
15,12,0.3,128,0.6063143255968999,0.5527187687278867,0.44206008583690987,0.01
15,12,0.3,128,0.5874255177299055,0.5405351459708956,0.41416309012875535,0.001
15,12,0.3,128,0.7819153923080129,0.6904751082817966,0.6094420600858369,0.0001
15,12,0.3,256,0.5018620567523646,0.4174203848291832,0.3562231759656652,0.1
15,12,0.3,256,0.6051345889412059,0.555015177768319,0.42703862660944214,0.01
15,12,0.3,256,0.5464941247551981,0.5335384008973588,0.3819742489270386,0.001
15,12,0.3,256,0.7863348472853036,0.6942092526288324,0.6158798283261803,0.0001
15,12,0.3,512,0.6886224426017751,0.6169235654115439,0.5278969957081545,0.1
15,12,0.3,512,0.61268698695779,0.5580637991786143,0.44849785407725323,0.01
15,12,0.3,512,0.656209633734739,0.6047350646201851,0.5064377682403434,0.001
15,12,0.3,512,0.7888271386307762,0.6967777668390067,0.6158798283261803,0.0001
15,12,0.5,64,0.5510151464644361,0.4131939520864864,0.4227467811158798,0.1
15,12,0.5,64,0.6159579565815243,0.5680312021560117,0.43991416309012876,0.01
15,12,0.5,64,0.6127599066627776,0.5480322557780115,0.4184549356223176,0.001
15,12,0.5,64,0.7823034293095547,0.6897227547551013,0.6094420600858369,0.0001
15,12,0.5,128,0.5158339930830451,0.36935771074031976,0.38412017167381973,0.1
15,12,0.5,128,0.6113379724155172,0.5553405478627076,0.4356223175965665,0.01
15,12,0.5,128,0.5957097170715446,0.5446795479957085,0.41201716738197425,0.001
15,12,0.5,128,0.7844207050293762,0.6921732439567179,0.6094420600858369,0.0001
15,12,0.5,256,0.44923746822784283,0.3694320308001122,0.33905579399141633,0.1
15,12,0.5,256,0.5901886536939039,0.5379553538571349,0.4206008583690987,0.01
15,12,0.5,256,0.538702133422226,0.5238641717247174,0.3755364806866953,0.001
15,12,0.5,256,0.7865744406016918,0.6943159728546685,0.6137339055793991,0.0001
15,12,0.5,512,0.7375359389974582,0.6287649402922244,0.5793991416309013,0.1
15,12,0.5,512,0.6460191049627068,0.5852167652878276,0.47854077253218885,0.01
15,12,0.5,512,0.6515740239176633,0.600833599945644,0.5042918454935622,0.001
15,12,0.5,512,0.7881995083128464,0.6961074296076142,0.6158798283261803,0.0001
15,12,0.7,64,0.7370007604483519,0.6782332141509984,0.5944206008583691,0.1
15,12,0.7,64,0.6130958581607567,0.5622228453486223,0.4356223175965665,0.01
15,12,0.7,64,0.6410423350972958,0.5842247995518648,0.4592274678111588,0.001
15,12,0.7,64,0.7127875119796658,0.6401633081993683,0.5536480686695279,0.0001
15,12,0.7,128,0.7588714633943081,0.6913601665636202,0.6094420600858369,0.1
15,12,0.7,128,0.6435528563690154,0.5765047824851528,0.4742489270386266,0.01
15,12,0.7,128,0.5907303429309555,0.5480211487365936,0.41416309012875535,0.001
15,12,0.7,128,0.7766130880453352,0.6860903079457339,0.6072961373390557,0.0001
15,12,0.7,256,0.6161142130922121,0.5574556587238398,0.47854077253218885,0.1
15,12,0.7,256,0.6088821409225385,0.5554657124667264,0.44206008583690987,0.01
15,12,0.7,256,0.5257120088337014,0.5243291015906126,0.3755364806866953,0.001
15,12,0.7,256,0.7830847118629943,0.6916003533353143,0.6094420600858369,0.0001
15,12,0.7,512,0.515162090087087,0.5011673786724254,0.41201716738197425,0.1
15,12,0.7,512,0.643662235926497,0.581997650658802,0.4742489270386266,0.01
15,12,0.7,512,0.6510401475061461,0.5994123854670624,0.4957081545064378,0.001
15,12,0.7,512,0.7891005875244802,0.6966951933791956,0.6158798283261803,0.0001
15,12,1.0,64,0.8351819346639444,0.7481049526854749,0.6888412017167382,0.1
15,12,1.0,64,0.5912303637651568,0.5470096127883395,0.4206008583690987,0.01
15,12,1.0,64,0.5775605233551399,0.5313463374411564,0.3755364806866953,0.001
15,12,1.0,64,0.719181007541981,0.6463877929872068,0.5600858369098712,0.0001
15,12,1.0,128,0.5956940914204758,0.4557335635795033,0.44849785407725323,0.1
15,12,1.0,128,0.6431778407433644,0.5877844853835847,0.4742489270386266,0.01
15,12,1.0,128,0.5987410933788908,0.5481307387350679,0.4248927038626609,0.001
15,12,1.0,128,0.7844233093045543,0.6931451960979221,0.6158798283261803,0.0001
15,12,1.0,256,0.6021487874494771,0.5537420912332887,0.42703862660944214,0.1
15,12,1.0,256,0.640417309054544,0.5749905628386386,0.4678111587982833,0.01
15,12,1.0,256,0.5498354098087421,0.5333402118329292,0.3798283261802575,0.001
15,12,1.0,256,0.7909287886995292,0.6985417341489524,0.6158798283261803,0.0001
15,12,1.0,512,0.48217113213050544,0.48579732054548197,0.34549356223175964,0.1
15,12,1.0,512,0.6366957998249927,0.5779129885310881,0.4656652360515021,0.01
15,12,1.0,512,0.6615900662527605,0.6056855114250164,0.5042918454935622,0.001
15,12,1.0,512,0.7919652902204258,0.6995040006494986,0.6201716738197425,0.0001
20,12,0.1,64,0.5177494374765614,0.3959499015702517,0.4034334763948498,0.1
20,12,0.1,64,0.6058689945414393,0.5562027373394403,0.45064377682403434,0.01
20,12,0.1,64,0.5888188049502062,0.5386676655106359,0.3948497854077253,0.001
20,12,0.1,64,0.7498203050127089,0.6682902797641215,0.5879828326180258,0.0001
20,12,0.1,128,0.597957206550273,0.4476597006174079,0.4206008583690987,0.1
20,12,0.1,128,0.6232030501270888,0.5579619249669616,0.4570815450643777,0.01
20,12,0.1,128,0.5515047501979249,0.5213364073986677,0.36695278969957085,0.001
20,12,0.1,128,0.7799413517229885,0.6890832057785671,0.6072961373390557,0.0001
20,12,0.1,256,0.5140096983207634,0.4469924294894857,0.3648068669527897,0.1
20,12,0.1,256,0.6422246760281678,0.5705975483700663,0.4721030042918455,0.01
20,12,0.1,256,0.5768261177549064,0.5473302181634112,0.3948497854077253,0.001
20,12,0.1,256,0.7868869536230676,0.6948815994523865,0.6137339055793991,0.0001
20,12,0.1,512,0.8664683945164382,0.7689505008376458,0.7274678111587984,0.1
20,12,0.1,512,0.6233697237384892,0.5605162629557221,0.45064377682403434,0.01
20,12,0.1,512,0.6495661277553231,0.6010958767802682,0.4871244635193133,0.001
20,12,0.1,512,0.7891656944039336,0.6968229998074034,0.6158798283261803,0.0001
20,12,0.3,64,0.659162881786741,0.5300298803033031,0.48068669527896996,0.1
20,12,0.3,64,0.6089654777282387,0.5540517345787936,0.45064377682403434,0.01
20,12,0.3,64,0.5761932788866202,0.52904860237866,0.36909871244635195,0.001
20,12,0.3,64,0.7786965081878412,0.6879545088769361,0.6115879828326181,0.0001
20,12,0.3,128,0.33124427059460815,0.40874937927504107,0.2532188841201717,0.1
20,12,0.3,128,0.6408782657610734,0.5783683713113075,0.48283261802575106,0.01
20,12,0.3,128,0.557150818784116,0.5213527306979755,0.3755364806866953,0.001
20,12,0.3,128,0.7824492687195299,0.6908750186042633,0.6115879828326181,0.0001
20,12,0.3,256,0.6998104087670319,0.5181277037783565,0.5515021459227468,0.1
20,12,0.3,256,0.6497874911454644,0.5891363637495514,0.4871244635193133,0.01
20,12,0.3,256,0.5869984166006916,0.5501667907300328,0.39270386266094426,0.001
20,12,0.3,256,0.7873244718529939,0.6954459861214601,0.6137339055793991,0.0001
20,12,0.3,512,0.7956763823492645,0.6972116136691539,0.6223175965665236,0.1
20,12,0.3,512,0.6034027459477478,0.553192026809973,0.44206008583690987,0.01
20,12,0.3,512,0.6608973290553772,0.6072300417178822,0.5107296137339056,0.001
20,12,0.3,512,0.7885458769115381,0.6962279064854119,0.6137339055793991,0.0001
20,12,0.5,64,0.7130153860577524,0.6417761915996836,0.5472103004291845,0.1
20,12,0.5,64,0.5850660444185174,0.5417977032777881,0.4163090128755364,0.01
20,12,0.5,64,0.5675783365973582,0.5346952196948092,0.4055793991416309,0.001
20,12,0.5,64,0.7406740905871079,0.6590043756370859,0.5772532188841202,0.0001
20,12,0.5,128,0.5481387245301887,0.50601581780401,0.3819742489270386,0.1
20,12,0.5,128,0.6235285845243552,0.5603073297159692,0.463519313304721,0.01
20,12,0.5,128,0.5764198508271179,0.5393627622077036,0.38412017167381973,0.001
20,12,0.5,128,0.7869937289053711,0.6945454268520428,0.6115879828326181,0.0001
20,12,0.5,256,0.8291087649485395,0.725415799970945,0.6673819742489271,0.1
20,12,0.5,256,0.6029105379390808,0.5422873065394908,0.4356223175965665,0.01
20,12,0.5,256,0.5719925830242927,0.5431096907971664,0.39270386266094426,0.001
20,12,0.5,256,0.7853634526438601,0.6930629497851676,0.6115879828326181,0.0001
20,12,0.5,512,0.7087066127755324,0.6044960812921267,0.5257510729613734,0.1
20,12,0.5,512,0.5958555564815201,0.5401194492687129,0.4248927038626609,0.01
20,12,0.5,512,0.6604884578524106,0.6084480534020806,0.5107296137339056,0.001
20,12,0.5,512,0.7878218884120172,0.6953919251602863,0.6158798283261803,0.0001
20,12,0.7,64,0.5782558648277012,0.46677280258058873,0.45278969957081544,0.1
20,12,0.7,64,0.6064263094295594,0.5512846885710629,0.4570815450643777,0.01
20,12,0.7,64,0.6559804575190633,0.589011539619362,0.4742489270386266,0.001
20,12,0.7,64,0.7644485186882787,0.6720906600527818,0.5987124463519313,0.0001
20,12,0.7,128,0.5655678361598401,0.4468978244965852,0.4356223175965665,0.1
20,12,0.7,128,0.6119343514313097,0.5603001292320812,0.4570815450643777,0.01
20,12,0.7,128,0.5952279261635902,0.5479839839169904,0.4055793991416309,0.001
20,12,0.7,128,0.7829623109296221,0.6915868809638056,0.6094420600858369,0.0001
20,12,0.7,256,0.5587446351931331,0.44599497808626376,0.41416309012875535,0.1
20,12,0.7,256,0.6388026584441018,0.5773093265775853,0.4742489270386266,0.01
20,12,0.7,256,0.5436710904621025,0.5329353221501205,0.3905579399141631,0.001
20,12,0.7,256,0.7885172298845784,0.6962086301746184,0.6158798283261803,0.0001
20,12,0.7,512,0.7488905787741156,0.5832601615288475,0.6008583690987125,0.1
20,12,0.7,512,0.6351749031209634,0.5741839806135087,0.4656652360515021,0.01
20,12,0.7,512,0.6726842785116047,0.6150984977678254,0.5236051502145923,0.001
20,12,0.7,512,0.7905173132213842,0.6976531533449803,0.6158798283261803,0.0001
20,12,1.0,64,0.5920741489228718,0.4859253826251987,0.4098712446351932,0.1
20,12,1.0,64,0.6079732488853703,0.5517031682554189,0.4313304721030043,0.01
20,12,1.0,64,0.5407230509604566,0.5112536287187701,0.34763948497854075,0.001
20,12,1.0,64,0.771219634151423,0.684297021143127,0.6201716738197425,0.0001
20,12,1.0,128,0.5538798491603817,0.49297085987935274,0.41416309012875535,0.1
20,12,1.0,128,0.6242317388224509,0.562909775877243,0.45064377682403434,0.01
20,12,1.0,128,0.6276459435809825,0.5671834523881005,0.4549356223175965,0.001
20,12,1.0,128,0.7865718363265137,0.6939760700448047,0.6137339055793991,0.0001
20,12,1.0,256,0.4608577440726697,0.36838030659408766,0.3261802575107296,0.1
20,12,1.0,256,0.5929335597316554,0.5361178029799967,0.42703862660944214,0.01
20,12,1.0,256,0.5630599191632985,0.5425940907131837,0.388412017167382,0.001
20,12,1.0,256,0.7810247301970916,0.6899241451012996,0.6094420600858369,0.0001
20,12,1.0,512,0.7776652152173008,0.6395865101598799,0.6373390557939914,0.1
20,12,1.0,512,0.6127494895620651,0.5553636879526855,0.44420600858369097,0.01
20,12,1.0,512,0.6623036376515687,0.6056219956971716,0.5042918454935622,0.001
20,12,1.0,512,0.7882255510646277,0.6965376067105135,0.6180257510729614,0.0001
25,12,0.1,64,0.7952284470186257,0.7001005849200151,0.6673819742489271,0.1
25,12,0.1,64,0.6148407225301054,0.5611453457332528,0.44635193133047213,0.01
25,12,0.1,64,0.6447299887495312,0.5644303333363441,0.45278969957081544,0.001
25,12,0.1,64,0.7402574065586066,0.660255737124851,0.5836909871244635,0.0001
25,12,0.1,128,0.47474243718488274,0.49780305727441276,0.3540772532188841,0.1
25,12,0.1,128,0.6348806200258343,0.5676761303996005,0.4656652360515021,0.01
25,12,0.1,128,0.5955742947622817,0.5461148260659938,0.4034334763948498,0.001
25,12,0.1,128,0.7781574232259677,0.6874747443487601,0.6008583690987125,0.0001
25,12,0.1,256,0.4916246510271261,0.38539350142733736,0.33905579399141633,0.1
25,12,0.1,256,0.6457560731697154,0.5750596158546837,0.48283261802575106,0.01
25,12,0.1,256,0.5572940539189133,0.5375248274828941,0.388412017167382,0.001
25,12,0.1,256,0.7844102879286636,0.6928120317994911,0.6115879828326181,0.0001
25,12,0.1,512,0.7859389974582275,0.6753299920006862,0.6351931330472103,0.1
25,12,0.1,512,0.6395891495478978,0.5847722454082324,0.4613733905579399,0.01
25,12,0.1,512,0.662564065169382,0.6084650027246838,0.5085836909871244,0.001
25,12,0.1,512,0.7842696570690445,0.6935646826409534,0.6158798283261803,0.0001
25,12,0.3,64,0.4953565773573899,0.41211476644672795,0.33905579399141633,0.1
25,12,0.3,64,0.617960644193508,0.5611438020971632,0.44849785407725323,0.01
25,12,0.3,64,0.6059601441726739,0.5523148529295732,0.4034334763948498,0.001
25,12,0.3,64,0.7779178299095797,0.68813515292382,0.6094420600858369,0.0001
25,12,0.3,128,0.32355254385599397,0.3533302779328906,0.23819742489270387,0.1
25,12,0.3,128,0.6400162506771117,0.5808442609530446,0.47854077253218885,0.01
25,12,0.3,128,0.5190138130755448,0.5045193530366331,0.34334763948497854,0.001
25,12,0.3,128,0.7892203841826743,0.6966087108534158,0.6180257510729614,0.0001
25,12,0.3,256,0.7648313471394641,0.5918943205931174,0.6137339055793991,0.1
25,12,0.3,256,0.6129422059252468,0.5475034630128088,0.4291845493562232,0.01
25,12,0.3,256,0.5663595358139922,0.542308416077806,0.38626609442060084,0.001
25,12,0.3,256,0.7833503479311639,0.6920105654969615,0.6137339055793991,0.0001
25,12,0.3,512,0.837021855077295,0.7553217536529462,0.6738197424892703,0.1
25,12,0.3,512,0.644131005458561,0.581710626092783,0.463519313304721,0.01
25,12,0.3,512,0.6863749531230467,0.6220223375582343,0.5321888412017167,0.001
25,12,0.3,512,0.7934288928705363,0.7007029932794168,0.6244635193133047,0.0001
25,12,0.5,64,0.7676478707446144,0.7110094108891313,0.6244635193133047,0.1
25,12,0.5,64,0.6212732822200925,0.5657489845624624,0.45278969957081544,0.01
25,12,0.5,64,0.5736228592858036,0.5391427616845852,0.388412017167382,0.001
25,12,0.5,64,0.7530209592066336,0.6675724585855254,0.5858369098712446,0.0001
25,12,0.5,128,0.7420413350556273,0.6524501518301713,0.5536480686695279,0.1
25,12,0.5,128,0.6227707404475187,0.5703132545159908,0.4656652360515021,0.01
25,12,0.5,128,0.5942877828242843,0.5427540898450802,0.4077253218884121,0.001
25,12,0.5,128,0.7783944122671778,0.6878987905560141,0.6051502145922747,0.0001
25,12,0.5,256,0.6223202008417018,0.4347535393609471,0.4570815450643777,0.1
25,12,0.5,256,0.6357348222842619,0.5707139441631401,0.45064377682403434,0.01
25,12,0.5,256,0.5273084295178966,0.5259852865951002,0.371244635193133,0.001
25,12,0.5,256,0.7851160465019374,0.6930989415013616,0.6137339055793991,0.0001
25,12,0.5,512,0.7902959498312431,0.6985644798144254,0.6244635193133047,0.1
25,12,0.5,512,0.637273948914538,0.5651856609348744,0.463519313304721,0.01
25,12,0.5,512,0.6750151047960331,0.6160028621374938,0.5236051502145923,0.001
25,12,0.5,512,0.7838217217384058,0.6917938988704296,0.6115879828326181,0.0001
25,12,0.7,64,0.5579685611900496,0.47762934496716414,0.4227467811158798,0.1
25,12,0.7,64,0.6128536605691904,0.564385627977229,0.44420600858369097,0.01
25,12,0.7,64,0.5897641568398684,0.5407729763305136,0.4012875536480687,0.001
25,12,0.7,64,0.8020594608108672,0.7075853309178088,0.6437768240343348,0.0001
25,12,0.7,128,0.5454732488853702,0.4613126500229551,0.3798283261802575,0.1
25,12,0.7,128,0.6391698612442185,0.5779613935157114,0.48068669527896996,0.01
25,12,0.7,128,0.6060044168507022,0.554446380585584,0.41416309012875535,0.001
25,12,0.7,128,0.7822331138797449,0.691204393921941,0.6137339055793991,0.0001
25,12,0.7,256,0.43963810992124674,0.33776962731295884,0.2918454935622318,0.1
25,12,0.7,256,0.651490687111963,0.5870470013256378,0.49141630901287553,0.01
25,12,0.7,256,0.5379494978957456,0.5301035739283009,0.3798283261802575,0.001
25,12,0.7,256,0.784709779574149,0.6931453425036215,0.6094420600858369,0.0001
25,12,0.7,512,0.864244343514313,0.7924050061218813,0.6952789699570815,0.1
25,12,0.7,512,0.6366072544689363,0.5650816928607668,0.4592274678111588,0.01
25,12,0.7,512,0.669879474144756,0.6136207067415744,0.5214592274678111,0.001
25,12,0.7,512,0.790038126588608,0.6977441238209954,0.6158798283261803,0.0001
25,12,1.0,64,0.5906053377224052,0.47772310647336425,0.43776824034334766,0.1
25,12,1.0,64,0.604249135380641,0.5520277189679696,0.42703862660944214,0.01
25,12,1.0,64,0.6105775240635026,0.5473632031468412,0.4012875536480687,0.001
25,12,1.0,64,0.7104775198966624,0.6407183529354414,0.555793991416309,0.0001
25,12,1.0,128,0.5325664611025459,0.4336092199566732,0.36909871244635195,0.1
25,12,1.0,128,0.6045303970998792,0.5458699351835904,0.43776824034334766,0.01
25,12,1.0,128,0.6025485436893203,0.5355255790095468,0.41416309012875535,0.001
25,12,1.0,128,0.7827695945664402,0.6912592452206218,0.6115879828326181,0.0001
25,12,1.0,256,0.8643940893370557,0.8033570267768138,0.7124463519313304,0.1
25,12,1.0,256,0.627362077586566,0.5522668906744413,0.43991416309012876,0.01
25,12,1.0,256,0.5778443893495562,0.5438641979092553,0.3798283261802575,0.001
25,12,1.0,256,0.7868062210925455,0.6949138687671402,0.6137339055793991,0.0001
25,12,1.0,512,0.5048153048043669,0.48405827979711685,0.3905579399141631,0.1
25,12,1.0,512,0.6286720280011667,0.5648632023468003,0.4592274678111588,0.01
25,12,1.0,512,0.6696086295262302,0.6109493083931399,0.5150214592274678,0.001
25,12,1.0,512,0.7868921621734238,0.6949567554507805,0.6137339055793991,0.0001
