k,wavelet_degree,tao,batchsize,AUC,AUPR,f1,lr
5,2,0.1,32,0.7805429864253394,0.5459967277433544,0.5384615384615384,0.1
5,2,0.1,32,0.834841628959276,0.7259988438435687,0.6153846153846154,0.01
5,2,0.1,32,0.8076923076923077,0.5765530765530765,0.5384615384615384,0.001
5,2,0.1,32,0.8099547511312217,0.5820793501788977,0.5384615384615384,0.0001
5,2,0.1,64,0.8076923076923077,0.5810981236788517,0.5384615384615384,0.1
5,2,0.1,64,0.7579185520361991,0.5559853001029471,0.46153846153846156,0.01
5,2,0.1,64,0.7986425339366516,0.5711576222186302,0.5384615384615384,0.001
5,2,0.1,64,0.8054298642533937,0.5762344167691089,0.5384615384615384,0.0001
5,2,0.1,128,0.8190045248868778,0.6262310153614501,0.46153846153846156,0.1
5,2,0.1,128,0.7398190045248869,0.557145403615992,0.46153846153846156,0.01
5,2,0.1,128,0.8009049773755657,0.573880985811559,0.5384615384615384,0.001
5,2,0.1,128,0.8054298642533937,0.5790843580534708,0.5384615384615384,0.0001
5,2,0.1,256,0.8257918552036199,0.6330342071721382,0.5384615384615384,0.1
5,2,0.1,256,0.8416289592760181,0.6713714490637566,0.6923076923076923,0.01
5,2,0.1,256,0.8031674208144797,0.5721617599544021,0.5384615384615384,0.001
5,2,0.1,256,0.8144796380090498,0.5850423131418607,0.5384615384615384,0.0001
5,2,0.1,512,0.7963800904977376,0.5961438320133972,0.5384615384615384,0.1
5,2,0.1,512,0.744343891402715,0.5530318812871287,0.46153846153846156,0.01
5,2,0.1,512,0.8009049773755657,0.5729793519484647,0.5384615384615384,0.001
5,2,0.1,512,0.8031674208144797,0.5746515927511402,0.5384615384615384,0.0001
5,2,0.3,32,0.7036199095022625,0.46462358984120833,0.46153846153846156,0.1
5,2,0.3,32,0.7805429864253394,0.6183058706220235,0.5384615384615384,0.01
5,2,0.3,32,0.7963800904977375,0.6037689453553889,0.5384615384615384,0.001
5,2,0.3,32,0.8099547511312217,0.5818316108007235,0.5384615384615384,0.0001
5,2,0.3,64,0.8099547511312217,0.6086562464994958,0.5384615384615384,0.1
5,2,0.3,64,0.7986425339366516,0.6340451654931292,0.6153846153846154,0.01
5,2,0.3,64,0.7986425339366516,0.5707169085095507,0.5384615384615384,0.001
5,2,0.3,64,0.8099547511312217,0.5829712119403248,0.5384615384615384,0.0001
5,2,0.3,128,0.8076923076923077,0.5811086495514466,0.5384615384615384,0.1
5,2,0.3,128,0.8325791855203619,0.6889707677942971,0.6153846153846154,0.01
5,2,0.3,128,0.8099547511312217,0.580721999164796,0.5384615384615384,0.001
5,2,0.3,128,0.8099547511312217,0.5810714886447204,0.5384615384615384,0.0001
5,2,0.3,256,0.7963800904977376,0.5677759797065529,0.5384615384615384,0.1
5,2,0.3,256,0.7714932126696833,0.5722310911284476,0.46153846153846156,0.01
5,2,0.3,256,0.8076923076923077,0.5801689574352837,0.5384615384615384,0.001
5,2,0.3,256,0.8054298642533937,0.5768662058353184,0.5384615384615384,0.0001
5,2,0.3,512,0.8144796380090498,0.611793688767373,0.46153846153846156,0.1
5,2,0.3,512,0.8552036199095023,0.7361626921483126,0.6923076923076923,0.01
5,2,0.3,512,0.8099547511312216,0.5815385705076832,0.5384615384615384,0.001
5,2,0.3,512,0.8076923076923077,0.5767979843712161,0.5384615384615384,0.0001
5,2,0.5,32,0.5542986425339367,0.36174257680919675,0.3076923076923077,0.1
5,2,0.5,32,0.8936651583710407,0.8029256405251097,0.7692307692307693,0.01
5,2,0.5,32,0.7986425339366515,0.5667354238779112,0.5384615384615384,0.001
5,2,0.5,32,0.8054298642533937,0.5759743440738916,0.5384615384615384,0.0001
5,2,0.5,64,0.7963800904977376,0.5745421245421245,0.5384615384615384,0.1
5,2,0.5,64,0.8122171945701357,0.6466582411310453,0.5384615384615384,0.01
5,2,0.5,64,0.7963800904977376,0.5694853814159546,0.5384615384615384,0.001
5,2,0.5,64,0.8076923076923077,0.5786977076668205,0.5384615384615384,0.0001
5,2,0.5,128,0.823529411764706,0.6195016045091009,0.5384615384615384,0.1
5,2,0.5,128,0.753393665158371,0.5506599359275284,0.46153846153846156,0.01
5,2,0.5,128,0.8099547511312217,0.5810714886447204,0.5384615384615384,0.001
5,2,0.5,128,0.8076923076923077,0.5816484606175734,0.5384615384615384,0.0001
5,2,0.5,256,0.8009049773755657,0.5767770876466529,0.5384615384615384,0.1
5,2,0.5,256,0.8076923076923077,0.6331063615182722,0.6153846153846154,0.01
5,2,0.5,256,0.8009049773755657,0.574990412783055,0.5384615384615384,0.001
5,2,0.5,256,0.8031674208144797,0.5772892684657391,0.5384615384615384,0.0001
5,2,0.5,512,0.7986425339366516,0.5721124410815538,0.5384615384615384,0.1
5,2,0.5,512,0.8190045248868778,0.6621571139116537,0.6153846153846154,0.01
5,2,0.5,512,0.8054298642533937,0.5798771224578505,0.5384615384615384,0.001
5,2,0.5,512,0.7986425339366516,0.571314350283463,0.5384615384615384,0.0001
5,2,0.7,32,0.8031674208144798,0.5818934574197732,0.5384615384615384,0.1
5,2,0.7,32,0.8755656108597285,0.7713606124490078,0.6923076923076923,0.01
5,2,0.7,32,0.8099547511312217,0.616316308743077,0.5384615384615384,0.001
5,2,0.7,32,0.8054298642533937,0.5790843580534708,0.5384615384615384,0.0001
5,2,0.7,64,0.8076923076923077,0.5833473364543802,0.5384615384615384,0.1
5,2,0.7,64,0.8438914027149321,0.6947985347985348,0.6153846153846154,0.01
5,2,0.7,64,0.8122171945701357,0.5823942399674717,0.5384615384615384,0.001
5,2,0.7,64,0.8099547511312217,0.5810714886447204,0.5384615384615384,0.0001
5,2,0.7,128,0.7986425339366515,0.5719531800527276,0.5384615384615384,0.1
5,2,0.7,128,0.7330316742081449,0.5335433875282072,0.46153846153846156,0.01
5,2,0.7,128,0.8076923076923077,0.5781578966006935,0.5384615384615384,0.001
5,2,0.7,128,0.8031674208144797,0.5748108537799665,0.5384615384615384,0.0001
5,2,0.7,256,0.8054298642533937,0.575687034129831,0.5384615384615384,0.1
5,2,0.7,256,0.7330316742081449,0.551597446758737,0.46153846153846156,0.01
5,2,0.7,256,0.8054298642533937,0.5798771224578505,0.5384615384615384,0.001
5,2,0.7,256,0.8099547511312217,0.5810714886447204,0.5384615384615384,0.0001
5,2,0.7,512,0.8076923076923077,0.5912685060348324,0.5384615384615384,0.1
5,2,0.7,512,0.748868778280543,0.538003507164625,0.46153846153846156,0.01
5,2,0.7,512,0.8099547511312217,0.5850010397891257,0.5384615384615384,0.001
5,2,0.7,512,0.8076923076923077,0.5788090452058063,0.5384615384615384,0.0001
5,2,1.0,32,0.6877828054298643,0.3890180055028252,0.3076923076923077,0.1
5,2,1.0,32,0.8190045248868779,0.6588791550330011,0.6153846153846154,0.01
5,2,1.0,32,0.834841628959276,0.6445082695082696,0.5384615384615384,0.001
5,2,1.0,32,0.8076923076923077,0.5816484606175734,0.5384615384615384,0.0001
5,2,1.0,64,0.8099547511312217,0.5880200142039811,0.5384615384615384,0.1
5,2,1.0,64,0.7918552036199095,0.5517931500903637,0.46153846153846156,0.01
5,2,1.0,64,0.8054298642533937,0.5790843580534708,0.5384615384615384,0.001
5,2,1.0,64,0.8099547511312217,0.5816281105972234,0.5384615384615384,0.0001
5,2,1.0,128,0.3054298642533937,0.21361185996507673,0.07692307692307693,0.1
5,2,1.0,128,0.8054298642533937,0.5981880282335748,0.6153846153846154,0.01
5,2,1.0,128,0.8076923076923077,0.5825360345820705,0.5384615384615384,0.001
5,2,1.0,128,0.8054298642533937,0.576483094582642,0.5384615384615384,0.0001
5,2,1.0,256,0.8054298642533937,0.593377311476859,0.5384615384615384,0.1
5,2,1.0,256,0.6515837104072398,0.4725400842201435,0.3076923076923077,0.01
5,2,1.0,256,0.8009049773755657,0.5717106639481425,0.5384615384615384,0.001
5,2,1.0,256,0.8099547511312217,0.5829712119403248,0.5384615384615384,0.0001
5,2,1.0,512,0.7669683257918551,0.5324652400739357,0.46153846153846156,0.1
5,2,1.0,512,0.8619909502262444,0.7008684015475186,0.6153846153846154,0.01
5,2,1.0,512,0.8009049773755657,0.5729793519484647,0.5384615384615384,0.001
5,2,1.0,512,0.8099547511312217,0.58085577842901,0.5384615384615384,0.0001
10,2,0.1,32,0.6380090497737556,0.37256592974809294,0.38461538461538464,0.1
10,2,0.1,32,0.748868778280543,0.5675985778926955,0.46153846153846156,0.01
10,2,0.1,32,0.8054298642533937,0.5791746379981675,0.5384615384615384,0.001
10,2,0.1,32,0.8031674208144797,0.5738711616638038,0.5384615384615384,0.0001
10,2,0.1,64,0.8054298642533937,0.5812917997345968,0.5384615384615384,0.1
10,2,0.1,64,0.7895927601809956,0.580554345911958,0.5384615384615384,0.01
10,2,0.1,64,0.8099547511312217,0.5823296507724478,0.5384615384615384,0.001
10,2,0.1,64,0.8167420814479638,0.5880922456654774,0.5384615384615384,0.0001
10,2,0.1,128,0.8303167420814479,0.6454303677193185,0.6153846153846154,0.1
10,2,0.1,128,0.7782805429864253,0.6090277777777777,0.5384615384615384,0.01
10,2,0.1,128,0.8031674208144797,0.5768219146145568,0.5384615384615384,0.001
10,2,0.1,128,0.8054298642533937,0.5772156953152427,0.5384615384615384,0.0001
10,2,0.1,256,0.8099547511312217,0.6037379810043073,0.5384615384615384,0.1
10,2,0.1,256,0.7828054298642534,0.6030713393668858,0.6153846153846154,0.01
10,2,0.1,256,0.8009049773755657,0.5703302581229002,0.5384615384615384,0.001
10,2,0.1,256,0.8054298642533937,0.5789250970246447,0.5384615384615384,0.0001
10,2,0.1,512,0.7805429864253394,0.5620705654543939,0.46153846153846156,0.1
10,2,0.1,512,0.8122171945701357,0.6478463126141145,0.46153846153846156,0.01
10,2,0.1,512,0.8099547511312216,0.5762571526539138,0.5384615384615384,0.001
10,2,0.1,512,0.8031674208144797,0.5729421910417386,0.5384615384615384,0.0001
10,2,0.3,32,0.8959276018099548,0.814037872458925,0.6923076923076923,0.1
10,2,0.3,32,0.8280542986425339,0.6776989336845542,0.6923076923076923,0.01
10,2,0.3,32,0.828054298642534,0.6452089577089577,0.5384615384615384,0.001
10,2,0.3,32,0.8167420814479638,0.5889798196299745,0.5384615384615384,0.0001
10,2,0.3,64,0.8529411764705883,0.6948408614796575,0.6153846153846154,0.1
10,2,0.3,64,0.746606334841629,0.5116474697473149,0.38461538461538464,0.01
10,2,0.3,64,0.8009049773755657,0.5703780884776359,0.5384615384615384,0.001
10,2,0.3,64,0.8076923076923077,0.5804071093762222,0.5384615384615384,0.0001
10,2,0.3,128,0.8031674208144797,0.5752900400563664,0.5384615384615384,0.1
10,2,0.3,128,0.8190045248868778,0.6731946275721579,0.6153846153846154,0.01
10,2,0.3,128,0.8099547511312217,0.5839701234438077,0.5384615384615384,0.001
10,2,0.3,128,0.8009049773755657,0.571269950239063,0.5384615384615384,0.0001
10,2,0.3,256,0.8054298642533937,0.5785294170904252,0.5384615384615384,0.1
10,2,0.3,256,0.8167420814479638,0.6648489386189393,0.6923076923076923,0.01
10,2,0.3,256,0.8031674208144797,0.5737119006349776,0.5384615384615384,0.001
10,2,0.3,256,0.8054298642533937,0.5747736928732404,0.5384615384615384,0.0001
10,2,0.3,512,0.8031674208144797,0.5752071404997826,0.5384615384615384,0.1
10,2,0.3,512,0.7579185520361991,0.5752950752950753,0.46153846153846156,0.01
10,2,0.3,512,0.7986425339366516,0.5682749060675482,0.5384615384615384,0.001
10,2,0.3,512,0.8031674208144797,0.5746515927511402,0.5384615384615384,0.0001
10,2,0.5,32,0.7307692307692308,0.4471676551113384,0.46153846153846156,0.1
10,2,0.5,32,0.8981900452488687,0.800046915544653,0.6923076923076923,0.01
10,2,0.5,32,0.8122171945701357,0.5815271003506297,0.5384615384615384,0.001
10,2,0.5,32,0.8076923076923077,0.5816484606175734,0.5384615384615384,0.0001
10,2,0.5,64,0.8076923076923077,0.5866251860557592,0.5384615384615384,0.1
10,2,0.5,64,0.8009049773755657,0.6542449380684674,0.5384615384615384,0.01
10,2,0.5,64,0.8054298642533937,0.57556645727762,0.5384615384615384,0.001
10,2,0.5,64,0.8099547511312217,0.582565180138412,0.5384615384615384,0.0001
10,2,0.5,128,0.7986425339366516,0.572333057441753,0.5384615384615384,0.1
10,2,0.5,128,0.7126696832579185,0.4533124283124283,0.46153846153846156,0.01
10,2,0.5,128,0.8122171945701357,0.5828144600807863,0.5384615384615384,0.001
10,2,0.5,128,0.8076923076923077,0.5786977076668205,0.5384615384615384,0.0001
10,2,0.5,256,0.8054298642533937,0.5805461755220755,0.5384615384615384,0.1
10,2,0.5,256,0.8212669683257918,0.6288013616817965,0.5384615384615384,0.01
10,2,0.5,256,0.8076923076923077,0.5767979843712161,0.5384615384615384,0.001
10,2,0.5,256,0.8144796380090498,0.5838187413919731,0.5384615384615384,0.0001
10,2,0.5,512,0.7692307692307693,0.5544880850144007,0.46153846153846156,0.1
10,2,0.5,512,0.7352941176470589,0.544630507501269,0.46153846153846156,0.01
10,2,0.5,512,0.8009049773755657,0.5746481624408045,0.5384615384615384,0.001
10,2,0.5,512,0.8054298642533937,0.5759743440738916,0.5384615384615384,0.0001
10,2,0.7,32,0.8778280542986425,0.7361884847178964,0.6153846153846154,0.1
10,2,0.7,32,0.8914027149321266,0.8049182583797967,0.7692307692307693,0.01
10,2,0.7,32,0.8144796380090498,0.5870104164841008,0.5384615384615384,0.001
10,2,0.7,32,0.8054298642533937,0.5769999850995327,0.5384615384615384,0.0001
10,2,0.7,64,0.8099547511312217,0.5795561085252212,0.5384615384615384,0.1
10,2,0.7,64,0.7601809954751131,0.5904281362485697,0.46153846153846156,0.01
10,2,0.7,64,0.8009049773755657,0.5729793519484647,0.5384615384615384,0.001
10,2,0.7,64,0.8031674208144797,0.5755434545125673,0.5384615384615384,0.0001
10,2,0.7,128,0.748868778280543,0.5536672728980422,0.46153846153846156,0.1
10,2,0.7,128,0.7986425339366516,0.6312405917669075,0.6153846153846154,0.01
10,2,0.7,128,0.8099547511312217,0.5810714886447204,0.5384615384615384,0.001
10,2,0.7,128,0.8054298642533937,0.5787093868089344,0.5384615384615384,0.0001
10,2,0.7,256,0.7828054298642534,0.5651117775611703,0.5384615384615384,0.1
10,2,0.7,256,0.8167420814479638,0.6727318958594262,0.5384615384615384,0.01
10,2,0.7,256,0.8031674208144797,0.577252856221969,0.5384615384615384,0.001
10,2,0.7,256,0.8076923076923077,0.5804071093762222,0.5384615384615384,0.0001
10,2,0.7,512,0.8076923076923077,0.5807129696172271,0.5384615384615384,0.1
10,2,0.7,512,0.7420814479638009,0.539720276984843,0.5384615384615384,0.01
10,2,0.7,512,0.8009049773755657,0.5695976573902995,0.5384615384615384,0.001
10,2,0.7,512,0.8031674208144797,0.578181130227166,0.5384615384615384,0.0001
10,2,1.0,32,0.755656108597285,0.48158027536544157,0.38461538461538464,0.1
10,2,1.0,32,0.8303167420814479,0.6861133069828722,0.5384615384615384,0.01
10,2,1.0,32,0.8122171945701357,0.5862423389843889,0.5384615384615384,0.001
10,2,1.0,32,0.8031674208144797,0.57443588253543,0.5384615384615384,0.0001
10,2,1.0,64,0.8031674208144797,0.5734808854620659,0.46153846153846156,0.1
10,2,1.0,64,0.753393665158371,0.585950160950161,0.5384615384615384,0.01
10,2,1.0,64,0.8009049773755657,0.5729793519484647,0.5384615384615384,0.001
10,2,1.0,64,0.8054298642533937,0.5772156953152427,0.5384615384615384,0.0001
10,2,1.0,128,0.8144796380090498,0.6180856555350482,0.5384615384615384,0.1
10,2,1.0,128,0.8257918552036199,0.6590919329887934,0.6153846153846154,0.01
10,2,1.0,128,0.8099547511312217,0.5818411982379594,0.5384615384615384,0.001
10,2,1.0,128,0.8167420814479638,0.5901194207695755,0.5384615384615384,0.0001
10,2,1.0,256,0.8054298642533937,0.5786886781192513,0.5384615384615384,0.1
10,2,1.0,256,0.8076923076923077,0.6324371461871462,0.6153846153846154,0.01
10,2,1.0,256,0.8054298642533937,0.576483094582642,0.5384615384615384,0.001
10,2,1.0,256,0.8054298642533937,0.5790843580534708,0.5384615384615384,0.0001
10,2,1.0,512,0.8009049773755657,0.5695976573902995,0.5384615384615384,0.1
10,2,1.0,512,0.8054298642533937,0.6147126825476701,0.5384615384615384,0.01
10,2,1.0,512,0.8122171945701357,0.5835834730571572,0.5384615384615384,0.001
10,2,1.0,512,0.8122171945701357,0.5795452371184688,0.5384615384615384,0.0001
15,2,0.1,32,0.6040723981900453,0.3221107411861025,0.23076923076923078,0.1
15,2,0.1,32,0.9004524886877828,0.8167108888262733,0.6923076923076923,0.01
15,2,0.1,32,0.8009049773755655,0.5685552054782824,0.5384615384615384,0.001
15,2,0.1,32,0.8009049773755657,0.571269950239063,0.5384615384615384,0.0001
15,2,0.1,64,0.8099547511312217,0.5823296507724478,0.5384615384615384,0.1
15,2,0.1,64,0.7714932126696833,0.5967098079217423,0.46153846153846156,0.01
15,2,0.1,64,0.8009049773755657,0.5703780884776359,0.5384615384615384,0.001
15,2,0.1,64,0.8009049773755657,0.571269950239063,0.5384615384615384,0.0001
15,2,0.1,128,0.8212669683257918,0.6364143784604142,0.5384615384615384,0.1
15,2,0.1,128,0.8190045248868778,0.6502247752247752,0.6153846153846154,0.01
15,2,0.1,128,0.7963800904977376,0.5674743205813644,0.5384615384615384,0.001
15,2,0.1,128,0.8031674208144797,0.576143429250473,0.5384615384615384,0.0001
15,2,0.1,256,0.7873303167420815,0.5251387501387502,0.5384615384615384,0.1
15,2,0.1,256,0.7262443438914027,0.5050613850485973,0.38461538461538464,0.01
15,2,0.1,256,0.8054298642533937,0.5759743440738916,0.5384615384615384,0.001
15,2,0.1,256,0.8031674208144797,0.575327744296857,0.5384615384615384,0.0001
15,2,0.1,512,0.8099547511312217,0.609182038151151,0.5384615384615384,0.1
15,2,0.1,512,0.7058823529411765,0.4926215263634311,0.38461538461538464,0.01
15,2,0.1,512,0.8031674208144797,0.5712698981929751,0.5384615384615384,0.001
15,2,0.1,512,0.8031674208144797,0.5746515927511402,0.5384615384615384,0.0001
15,2,0.3,32,0.7330316742081449,0.49416664269663513,0.46153846153846156,0.1
15,2,0.3,32,0.8167420814479638,0.6471922308460769,0.6153846153846154,0.01
15,2,0.3,32,0.8257918552036199,0.6411842056578898,0.5384615384615384,0.001
15,2,0.3,32,0.8076923076923077,0.5785073860806178,0.5384615384615384,0.0001
15,2,0.3,64,0.8076923076923077,0.5829430349890707,0.5384615384615384,0.1
15,2,0.3,64,0.7850678733031674,0.6099408924408924,0.5384615384615384,0.01
15,2,0.3,64,0.8099547511312217,0.5838587859048217,0.5384615384615384,0.001
15,2,0.3,64,0.8076923076923077,0.5785073860806178,0.5384615384615384,0.0001
15,2,0.3,128,0.7986425339366516,0.6169481600211824,0.5384615384615384,0.1
15,2,0.3,128,0.828054298642534,0.659487454779232,0.6153846153846154,0.01
15,2,0.3,128,0.8009049773755657,0.5705373495064623,0.5384615384615384,0.001
15,2,0.3,128,0.8054298642533937,0.5790843580534708,0.5384615384615384,0.0001
15,2,0.3,256,0.8009049773755657,0.5747558520221784,0.5384615384615384,0.1
15,2,0.3,256,0.8076923076923077,0.6109480123522697,0.5384615384615384,0.01
15,2,0.3,256,0.8054298642533937,0.5790843580534708,0.5384615384615384,0.001
15,2,0.3,256,0.8076923076923077,0.5802478483473958,0.5384615384615384,0.0001
15,2,0.3,512,0.8099547511312217,0.5839037216963638,0.5384615384615384,0.1
15,2,0.3,512,0.7330316742081449,0.5173512230368418,0.3076923076923077,0.01
15,2,0.3,512,0.8054298642533937,0.5732941896909508,0.5384615384615384,0.001
15,2,0.3,512,0.8009049773755657,0.571269950239063,0.5384615384615384,0.0001
15,2,0.5,32,0.7217194570135748,0.5325954961373083,0.5384615384615384,0.1
15,2,0.5,32,0.6923076923076923,0.4860601315945238,0.3076923076923077,0.01
15,2,0.5,32,0.8099547511312217,0.6086488106948464,0.5384615384615384,0.001
15,2,0.5,32,0.8031674208144797,0.5743021032712159,0.5384615384615384,0.0001
15,2,0.5,64,0.8122171945701357,0.5866031550459521,0.5384615384615384,0.1
15,2,0.5,64,0.7850678733031674,0.6117017120306594,0.46153846153846156,0.01
15,2,0.5,64,0.8076923076923077,0.5807565988561465,0.5384615384615384,0.001
15,2,0.5,64,0.8076923076923077,0.5790471971467446,0.5384615384615384,0.0001
15,2,0.5,128,0.8099547511312217,0.5819086710391059,0.5384615384615384,0.1
15,2,0.5,128,0.8371040723981901,0.6529255270145959,0.6923076923076923,0.01
15,2,0.5,128,0.8031674208144797,0.577252856221969,0.5384615384615384,0.001
15,2,0.5,128,0.8076923076923077,0.5786977076668205,0.5384615384615384,0.0001
15,2,0.5,256,0.8031674208144797,0.578454576824142,0.5384615384615384,0.1
15,2,0.5,256,0.751131221719457,0.539824253982771,0.5384615384615384,0.01
15,2,0.5,256,0.8099547511312217,0.5795823980251948,0.5384615384615384,0.001
15,2,0.5,256,0.8167420814479638,0.5884992460724778,0.5384615384615384,0.0001
15,2,0.5,512,0.8009049773755657,0.5760929050620178,0.5384615384615384,0.1
15,2,0.5,512,0.7850678733031675,0.6085690324574007,0.5384615384615384,0.01
15,2,0.5,512,0.8009049773755657,0.5760213291283729,0.5384615384615384,0.001
15,2,0.5,512,0.8099547511312217,0.5820793501788977,0.5384615384615384,0.0001
15,2,0.7,32,0.5791855203619909,0.31392964620518804,0.23076923076923078,0.1
15,2,0.7,32,0.8552036199095023,0.7120621793067612,0.6923076923076923,0.01
15,2,0.7,32,0.7873303167420814,0.5635279135633775,0.5384615384615384,0.001
15,2,0.7,32,0.8031674208144797,0.5746515927511402,0.5384615384615384,0.0001
15,2,0.7,64,0.7941176470588235,0.5685267105727463,0.46153846153846156,0.1
15,2,0.7,64,0.8054298642533937,0.655657044568335,0.6153846153846154,0.01
15,2,0.7,64,0.8054298642533937,0.5771368044031309,0.5384615384615384,0.001
15,2,0.7,64,0.8031674208144797,0.5748108537799665,0.5384615384615384,0.0001
15,2,0.7,128,0.8212669683257918,0.641551098504296,0.6153846153846154,0.1
15,2,0.7,128,0.7805429864253394,0.5914387899593962,0.46153846153846156,0.01
15,2,0.7,128,0.7986425339366516,0.5727315605242027,0.5384615384615384,0.001
15,2,0.7,128,0.8054298642533937,0.576483094582642,0.5384615384615384,0.0001
15,2,0.7,256,0.7941176470588235,0.5742817012047781,0.5384615384615384,0.1
15,2,0.7,256,0.8393665158371041,0.6871251263600762,0.6923076923076923,0.01
15,2,0.7,256,0.8076923076923077,0.5778597656524078,0.5384615384615384,0.001
15,2,0.7,256,0.8054298642533937,0.5759743440738916,0.5384615384615384,0.0001
15,2,0.7,512,0.8076923076923077,0.5793992478420449,0.5384615384615384,0.1
15,2,0.7,512,0.7850678733031674,0.608897408333027,0.5384615384615384,0.01
15,2,0.7,512,0.8009049773755657,0.5755903875209607,0.5384615384615384,0.001
15,2,0.7,512,0.8099547511312217,0.5812429565355988,0.5384615384615384,0.0001
15,2,1.0,32,0.6153846153846154,0.38943001443001435,0.3076923076923077,0.1
15,2,1.0,32,0.7307692307692308,0.4648677019020573,0.38461538461538464,0.01
15,2,1.0,32,0.8190045248868778,0.615058854189289,0.5384615384615384,0.001
15,2,1.0,32,0.8076923076923077,0.5807565988561465,0.5384615384615384,0.0001
15,2,1.0,64,0.84841628959276,0.6851770451770451,0.5384615384615384,0.1
15,2,1.0,64,0.8461538461538461,0.6995574318154962,0.6923076923076923,0.01
15,2,1.0,64,0.8076923076923077,0.5773979591091218,0.5384615384615384,0.001
15,2,1.0,64,0.8031674208144797,0.577252856221969,0.5384615384615384,0.0001
15,2,1.0,128,0.8099547511312217,0.5823296507724478,0.5384615384615384,0.1
15,2,1.0,128,0.7918552036199096,0.5969041159810593,0.5384615384615384,0.01
15,2,1.0,128,0.8009049773755657,0.5703780884776359,0.5384615384615384,0.001
15,2,1.0,128,0.8031674208144797,0.5729421910417386,0.5384615384615384,0.0001
15,2,1.0,256,0.8009049773755657,0.5743119274189712,0.5384615384615384,0.1
15,2,1.0,256,0.7782805429864253,0.6000889798460649,0.46153846153846156,0.01
15,2,1.0,256,0.8054298642533937,0.5795250717625504,0.5384615384615384,0.001
15,2,1.0,256,0.8009049773755657,0.571403729503277,0.5384615384615384,0.0001
15,2,1.0,512,0.8054298642533937,0.5751501304645321,0.46153846153846156,0.1
15,2,1.0,512,0.8009049773755657,0.5872460462389613,0.6153846153846154,0.01
15,2,1.0,512,0.8099547511312217,0.5810714886447204,0.5384615384615384,0.001
15,2,1.0,512,0.8031674208144797,0.577252856221969,0.5384615384615384,0.0001
20,2,0.1,32,0.7805429864253394,0.5793762687261139,0.5384615384615384,0.1
20,2,0.1,32,0.7081447963800905,0.5001853666209235,0.46153846153846156,0.01
20,2,0.1,32,0.8167420814479638,0.6119274602246738,0.5384615384615384,0.001
20,2,0.1,32,0.8076923076923077,0.5790471971467446,0.5384615384615384,0.0001
20,2,0.1,64,0.8054298642533937,0.5799486983914954,0.5384615384615384,0.1
20,2,0.1,64,0.8212669683257918,0.6831840793477622,0.6153846153846154,0.01
20,2,0.1,64,0.8076923076923077,0.5793992478420449,0.5384615384615384,0.001
20,2,0.1,64,0.8054298642533937,0.5761336051027178,0.5384615384615384,0.0001
20,2,0.1,128,0.8235294117647058,0.6385884274926847,0.5384615384615384,0.1
20,2,0.1,128,0.8054298642533937,0.6663660648927399,0.6923076923076923,0.01
20,2,0.1,128,0.8054298642533937,0.5790843580534708,0.5384615384615384,0.001
20,2,0.1,128,0.8076923076923077,0.5786977076668205,0.5384615384615384,0.0001
20,2,0.1,256,0.8235294117647058,0.6351009535437504,0.5384615384615384,0.1
20,2,0.1,256,0.7669683257918551,0.5750633981403213,0.46153846153846156,0.01
20,2,0.1,256,0.8031674208144797,0.5719714383681995,0.5384615384615384,0.001
20,2,0.1,256,0.8099547511312217,0.5798840571503836,0.5384615384615384,0.0001
20,2,0.1,512,0.8076923076923077,0.5810981236788517,0.5384615384615384,0.1
20,2,0.1,512,0.7918552036199095,0.6226470822624668,0.6923076923076923,0.01
20,2,0.1,512,0.8076923076923077,0.580518446915208,0.5384615384615384,0.001
20,2,0.1,512,0.8009049773755657,0.5729793519484647,0.5384615384615384,0.0001
20,2,0.3,32,0.4389140271493213,0.38635478389301764,0.3076923076923077,0.1
20,2,0.3,32,0.8506787330316742,0.7670251905605381,0.6153846153846154,0.01
20,2,0.3,32,0.7850678733031674,0.5918555075755887,0.5384615384615384,0.001
20,2,0.3,32,0.8076923076923077,0.5785384466379941,0.5384615384615384,0.0001
20,2,0.3,64,0.8235294117647058,0.6091548219980714,0.5384615384615384,0.1
20,2,0.3,64,0.7918552036199095,0.5330152522915681,0.5384615384615384,0.01
20,2,0.3,64,0.8031674208144797,0.576143429250473,0.5384615384615384,0.001
20,2,0.3,64,0.8099547511312217,0.580369948469496,0.5384615384615384,0.0001
20,2,0.3,128,0.8212669683257918,0.5896501484722023,0.5384615384615384,0.1
20,2,0.3,128,0.6923076923076923,0.49417396911155026,0.38461538461538464,0.01
20,2,0.3,128,0.8031674208144797,0.5755434545125673,0.5384615384615384,0.001
20,2,0.3,128,0.8099547511312217,0.5781207356939675,0.5384615384615384,0.0001
20,2,0.3,256,0.8212669683257919,0.5968074471506966,0.5384615384615384,0.1
20,2,0.3,256,0.7692307692307693,0.6008651816968247,0.5384615384615384,0.01
20,2,0.3,256,0.8031674208144797,0.5728633001296265,0.5384615384615384,0.001
20,2,0.3,256,0.8031674208144797,0.5746515927511402,0.5384615384615384,0.0001
20,2,0.3,512,0.8076923076923077,0.5805884809317303,0.5384615384615384,0.1
20,2,0.3,512,0.7986425339366516,0.6013440804828765,0.6153846153846154,0.01
20,2,0.3,512,0.8076923076923077,0.5785073860806178,0.5384615384615384,0.001
20,2,0.3,512,0.8099547511312217,0.580721999164796,0.5384615384615384,0.0001
20,2,0.5,32,0.8076923076923077,0.5301750166956168,0.5384615384615384,0.1
20,2,0.5,32,0.7714932126696833,0.5982101134800994,0.5384615384615384,0.01
20,2,0.5,32,0.7986425339366515,0.5673352139513854,0.5384615384615384,0.001
20,2,0.5,32,0.8054298642533937,0.5781446659373082,0.5384615384615384,0.0001
20,2,0.5,64,0.8054298642533937,0.5773749563440691,0.5384615384615384,0.1
20,2,0.5,64,0.7352941176470589,0.5079531954025881,0.5384615384615384,0.01
20,2,0.5,64,0.8009049773755657,0.5757223168987875,0.5384615384615384,0.001
20,2,0.5,64,0.8076923076923077,0.5807565988561465,0.5384615384615384,0.0001
20,2,0.5,128,0.8054298642533937,0.5799486983914954,0.5384615384615384,0.1
20,2,0.5,128,0.7579185520361991,0.5931032948296375,0.5384615384615384,0.01
20,2,0.5,128,0.8099547511312217,0.5825881006876483,0.5384615384615384,0.001
20,2,0.5,128,0.8054298642533937,0.5761336051027178,0.5384615384615384,0.0001
20,2,0.5,256,0.7986425339366515,0.5677211677211678,0.46153846153846156,0.1
20,2,0.5,256,0.7692307692307693,0.4897106022573088,0.46153846153846156,0.01
20,2,0.5,256,0.8076923076923077,0.5798399615511243,0.5384615384615384,0.001
20,2,0.5,256,0.8144796380090498,0.586667744240976,0.5384615384615384,0.0001
20,2,0.5,512,0.8461538461538461,0.7098704132483395,0.6153846153846154,0.1
20,2,0.5,512,0.8303167420814479,0.6782190223569533,0.6153846153846154,0.01
20,2,0.5,512,0.8009049773755657,0.5729793519484647,0.5384615384615384,0.001
20,2,0.5,512,0.8122171945701357,0.5843957133648261,0.5384615384615384,0.0001
20,2,0.7,32,0.8054298642533937,0.6271702171702171,0.6153846153846154,0.1
20,2,0.7,32,0.8099547511312217,0.6226672836966953,0.5384615384615384,0.01
20,2,0.7,32,0.8212669683257918,0.6287895437895437,0.5384615384615384,0.001
20,2,0.7,32,0.8054298642533937,0.5768351452779422,0.5384615384615384,0.0001
20,2,0.7,64,0.8190045248868778,0.6115226035686394,0.5384615384615384,0.1
20,2,0.7,64,0.7647058823529411,0.5724139671070617,0.38461538461538464,0.01
20,2,0.7,64,0.8031674208144797,0.575251567489046,0.5384615384615384,0.001
20,2,0.7,64,0.8099547511312217,0.5816281105972234,0.5384615384615384,0.0001
20,2,0.7,128,0.8552036199095023,0.7114945069794567,0.6923076923076923,0.1
20,2,0.7,128,0.8144796380090498,0.6365587898050984,0.6153846153846154,0.01
20,2,0.7,128,0.8009049773755657,0.5703780884776359,0.5384615384615384,0.001
20,2,0.7,128,0.8099547511312217,0.5810714886447204,0.5384615384615384,0.0001
20,2,0.7,256,0.8054298642533937,0.5823981332676986,0.5384615384615384,0.1
20,2,0.7,256,0.8099547511312217,0.6568571323096211,0.6153846153846154,0.01
20,2,0.7,256,0.7963800904977376,0.5708020085946507,0.5384615384615384,0.001
20,2,0.7,256,0.8054298642533937,0.5773749563440691,0.5384615384615384,0.0001
20,2,0.7,512,0.8009049773755657,0.6018540911074848,0.5384615384615384,0.1
20,2,0.7,512,0.834841628959276,0.6536843435599091,0.6153846153846154,0.01
20,2,0.7,512,0.8031674208144797,0.5725112494343263,0.5384615384615384,0.001
20,2,0.7,512,0.8031674208144797,0.57443588253543,0.5384615384615384,0.0001
20,2,1.0,32,0.7149321266968326,0.5001705259802426,0.38461538461538464,0.1
20,2,1.0,32,0.8506787330316742,0.7147311171126185,0.6923076923076923,0.01
20,2,1.0,32,0.8212669683257918,0.6189604272576408,0.5384615384615384,0.001
20,2,1.0,32,0.8054298642533937,0.5792181373176848,0.5384615384615384,0.0001
20,2,1.0,64,0.8009049773755657,0.5774360064051192,0.5384615384615384,0.1
20,2,1.0,64,0.7963800904977376,0.5962084104716407,0.5384615384615384,0.01
20,2,1.0,64,0.8009049773755657,0.5708390086316508,0.5384615384615384,0.001
20,2,1.0,64,0.8054298642533937,0.5789250970246447,0.5384615384615384,0.0001
20,2,1.0,128,0.7579185520361991,0.5030189810891372,0.46153846153846156,0.1
20,2,1.0,128,0.8642533936651584,0.753205821955822,0.6153846153846154,0.01
20,2,1.0,128,0.8054298642533937,0.5779854049084818,0.5384615384615384,0.001
20,2,1.0,128,0.8009049773755657,0.5729793519484647,0.5384615384615384,0.0001
20,2,1.0,256,0.8235294117647058,0.6047118816855659,0.46153846153846156,0.1
20,2,1.0,256,0.7986425339366516,0.6278952492148777,0.5384615384615384,0.01
20,2,1.0,256,0.8099547511312216,0.581107628900271,0.5384615384615384,0.001
20,2,1.0,256,0.8076923076923077,0.581432750401863,0.5384615384615384,0.0001
20,2,1.0,512,0.8009049773755655,0.5727174512784592,0.5384615384615384,0.1
20,2,1.0,512,0.8076923076923077,0.6603119516270881,0.6153846153846154,0.01
20,2,1.0,512,0.8054298642533937,0.5762449426417038,0.5384615384615384,0.001
20,2,1.0,512,0.8076923076923077,0.5816484606175734,0.5384615384615384,0.0001
25,2,0.1,32,0.8076923076923077,0.5631835787182708,0.5384615384615384,0.1
25,2,0.1,32,0.834841628959276,0.6834981443677095,0.6153846153846154,0.01
25,2,0.1,32,0.8099547511312217,0.5861593068094617,0.5384615384615384,0.001
25,2,0.1,32,0.8009049773755657,0.5727636417327544,0.5384615384615384,0.0001
25,2,0.1,64,0.8076923076923077,0.5750481956983504,0.46153846153846156,0.1
25,2,0.1,64,0.7352941176470589,0.5296962296962298,0.46153846153846156,0.01
25,2,0.1,64,0.8054298642533937,0.5767847537078306,0.5384615384615384,0.001
25,2,0.1,64,0.8076923076923077,0.5807565988561465,0.5384615384615384,0.0001
25,2,0.1,128,0.8099547511312217,0.58364337254763,0.5384615384615384,0.1
25,2,0.1,128,0.7352941176470589,0.5476599618210797,0.46153846153846156,0.01
25,2,0.1,128,0.8076923076923077,0.5781578966006935,0.5384615384615384,0.001
25,2,0.1,128,0.8031674208144797,0.5748108537799665,0.5384615384615384,0.0001
25,2,0.1,256,0.7963800904977376,0.5670408460099587,0.5384615384615384,0.1
25,2,0.1,256,0.8371040723981901,0.6804612245991555,0.6923076923076923,0.01
25,2,0.1,256,0.8054298642533937,0.5798771224578505,0.5384615384615384,0.001
25,2,0.1,256,0.8099547511312217,0.5808786989782466,0.5384615384615384,0.0001
25,2,0.1,512,0.8076923076923077,0.5811050583713848,0.5384615384615384,0.1
25,2,0.1,512,0.8144796380090498,0.6399937276595102,0.6153846153846154,0.01
25,2,0.1,512,0.7986425339366516,0.5742817012047781,0.5384615384615384,0.001
25,2,0.1,512,0.8031674208144797,0.57443588253543,0.5384615384615384,0.0001
25,2,0.3,32,0.6990950226244343,0.41945006214630454,0.46153846153846156,0.1
25,2,0.3,32,0.7918552036199096,0.6158035403510516,0.46153846153846156,0.01
25,2,0.3,32,0.830316742081448,0.6520770895770895,0.5384615384615384,0.001
25,2,0.3,32,0.8031674208144797,0.5746515927511402,0.5384615384615384,0.0001
25,2,0.3,64,0.8122171945701357,0.5844937856054009,0.5384615384615384,0.1
25,2,0.3,64,0.8167420814479638,0.6141984235717732,0.6153846153846154,0.01
25,2,0.3,64,0.8054298642533937,0.5761336051027178,0.5384615384615384,0.001
25,2,0.3,64,0.8009049773755657,0.5729793519484647,0.5384615384615384,0.0001
25,2,0.3,128,0.8054298642533937,0.5790738321808759,0.5384615384615384,0.1
25,2,0.3,128,0.8031674208144797,0.5588757019752495,0.5384615384615384,0.01
25,2,0.3,128,0.8144796380090498,0.5871243765980607,0.5384615384615384,0.001
25,2,0.3,128,0.8054298642533937,0.5785756075447204,0.5384615384615384,0.0001
25,2,0.3,256,0.8099547511312217,0.585493411847062,0.6153846153846154,0.1
25,2,0.3,256,0.8212669683257918,0.6237013335048452,0.5384615384615384,0.01
25,2,0.3,256,0.7986425339366516,0.569007506800149,0.5384615384615384,0.001
25,2,0.3,256,0.8009049773755655,0.5701623782619257,0.5384615384615384,0.0001
25,2,0.3,512,0.7647058823529411,0.5282624213393443,0.46153846153846156,0.1
25,2,0.3,512,0.7714932126696833,0.5656127575639167,0.38461538461538464,0.01
25,2,0.3,512,0.7986425339366516,0.5736191344886997,0.5384615384615384,0.001
25,2,0.3,512,0.8076923076923077,0.5807565988561465,0.5384615384615384,0.0001
25,2,0.5,32,0.8099547511312217,0.5882044838546387,0.5384615384615384,0.1
25,2,0.5,32,0.834841628959276,0.6671524966261808,0.5384615384615384,0.01
25,2,0.5,32,0.7873303167420815,0.5972776981472634,0.5384615384615384,0.001
25,2,0.5,32,0.8144796380090498,0.5855281431013748,0.5384615384615384,0.0001
25,2,0.5,64,0.7963800904977376,0.5322810715344652,0.46153846153846156,0.1
25,2,0.5,64,0.7760180995475113,0.5832815332815333,0.6153846153846154,0.01
25,2,0.5,64,0.8031674208144797,0.5754913363609016,0.5384615384615384,0.001
25,2,0.5,64,0.8076923076923077,0.5790471971467446,0.5384615384615384,0.0001
25,2,0.5,128,0.8099547511312217,0.603412532886217,0.5384615384615384,0.1
25,2,0.5,128,0.8144796380090498,0.6488553628482778,0.6153846153846154,0.01
25,2,0.5,128,0.7986425339366516,0.5687058476749605,0.5384615384615384,0.001
25,2,0.5,128,0.8054298642533937,0.5769999850995327,0.5384615384615384,0.0001
25,2,0.5,256,0.7895927601809956,0.5627269547729905,0.46153846153846156,0.1
25,2,0.5,256,0.7330316742081449,0.531366327237368,0.3076923076923077,0.01
25,2,0.5,256,0.8031674208144797,0.5717008398003873,0.5384615384615384,0.001
25,2,0.5,256,0.8054298642533937,0.5781446659373082,0.5384615384615384,0.0001
25,2,0.5,512,0.8054298642533937,0.5790738321808759,0.5384615384615384,0.1
25,2,0.5,512,0.8235294117647058,0.6411929237685927,0.5384615384615384,0.01
25,2,0.5,512,0.8031674208144797,0.5745727018390282,0.5384615384615384,0.001
25,2,0.5,512,0.8054298642533937,0.5789250970246447,0.5384615384615384,0.0001
25,2,0.7,32,0.6221719457013575,0.4142771392730142,0.3076923076923077,0.1
25,2,0.7,32,0.6945701357466063,0.4929828223306484,0.3076923076923077,0.01
25,2,0.7,32,0.834841628959276,0.6540555935292776,0.5384615384615384,0.001
25,2,0.7,32,0.8054298642533937,0.5789250970246447,0.5384615384615384,0.0001
25,2,0.7,64,0.8031674208144797,0.5847770420145206,0.5384615384615384,0.1
25,2,0.7,64,0.8031674208144797,0.615572354995432,0.6153846153846154,0.01
25,2,0.7,64,0.8122171945701357,0.5812546388278705,0.5384615384615384,0.001
25,2,0.7,64,0.8031674208144797,0.5755434545125673,0.5384615384615384,0.0001
25,2,0.7,128,0.8076923076923077,0.5810981236788517,0.5384615384615384,0.1
25,2,0.7,128,0.7669683257918551,0.6132595643868852,0.5384615384615384,0.01
25,2,0.7,128,0.8031674208144797,0.5768219146145568,0.5384615384615384,0.001
25,2,0.7,128,0.8031674208144797,0.5746515927511402,0.5384615384615384,0.0001
25,2,0.7,256,0.8076923076923077,0.5816209391941709,0.5384615384615384,0.1
25,2,0.7,256,0.8167420814479638,0.6396047209782623,0.5384615384615384,0.01
25,2,0.7,256,0.8031674208144797,0.5756036181843461,0.5384615384615384,0.001
25,2,0.7,256,0.8054298642533937,0.5772156953152427,0.5384615384615384,0.0001
25,2,0.7,512,0.8054298642533937,0.5799486983914954,0.5384615384615384,0.1
25,2,0.7,512,0.8122171945701357,0.641345849349243,0.5384615384615384,0.01
25,2,0.7,512,0.8054298642533937,0.575136402059479,0.5384615384615384,0.001
25,2,0.7,512,0.8076923076923077,0.5804071093762222,0.5384615384615384,0.0001
25,2,1.0,32,0.5746606334841629,0.38430310825242303,0.23076923076923078,0.1
25,2,1.0,32,0.6809954751131222,0.4752054508303408,0.3076923076923077,0.01
25,2,1.0,32,0.8054298642533937,0.6181006877937825,0.5384615384615384,0.001
25,2,1.0,32,0.8076923076923077,0.5790471971467446,0.5384615384615384,0.0001
25,2,1.0,64,0.8212669683257918,0.6362803862803863,0.5384615384615384,0.1
25,2,1.0,64,0.748868778280543,0.5613442552922191,0.46153846153846156,0.01
25,2,1.0,64,0.8076923076923077,0.5775676939644552,0.5384615384615384,0.001
25,2,1.0,64,0.8122171945701357,0.5823942399674717,0.5384615384615384,0.0001
25,2,1.0,128,0.8076923076923077,0.5994810744810746,0.5384615384615384,0.1
25,2,1.0,128,0.828054298642534,0.6388098460679106,0.6153846153846154,0.01
25,2,1.0,128,0.8031674208144797,0.5746515927511402,0.5384615384615384,0.001
25,2,1.0,128,0.8144796380090498,0.586667744240976,0.5384615384615384,0.0001
25,2,1.0,256,0.8054298642533937,0.5783015000126628,0.5384615384615384,0.1
25,2,1.0,256,0.7601809954751131,0.6171985036921488,0.46153846153846156,0.01
25,2,1.0,256,0.8099547511312217,0.5839701234438077,0.5384615384615384,0.001
25,2,1.0,256,0.8076923076923077,0.5785384466379941,0.5384615384615384,0.0001
25,2,1.0,512,0.8099547511312217,0.6271936752705982,0.5384615384615384,0.1
25,2,1.0,512,0.7963800904977376,0.6265392334357851,0.5384615384615384,0.01
25,2,1.0,512,0.8099547511312217,0.5796373477368952,0.5384615384615384,0.001
25,2,1.0,512,0.8031674208144797,0.5748108537799665,0.5384615384615384,0.0001
5,4,0.1,32,0.6832579185520362,0.4220555204896715,0.38461538461538464,0.1
5,4,0.1,32,0.8597285067873304,0.7304487584328432,0.6153846153846154,0.01
5,4,0.1,32,0.8144796380090498,0.5873075788272988,0.5384615384615384,0.001
5,4,0.1,32,0.8099547511312217,0.5793982271908693,0.5384615384615384,0.0001
5,4,0.1,64,0.7873303167420815,0.5275593017404432,0.5384615384615384,0.1
5,4,0.1,64,0.8144796380090498,0.6659168703673346,0.5384615384615384,0.01
5,4,0.1,64,0.8167420814479638,0.5917270723772272,0.5384615384615384,0.001
5,4,0.1,64,0.8031674208144797,0.5746515927511402,0.5384615384615384,0.0001
5,4,0.1,128,0.8031674208144797,0.5791651848228359,0.46153846153846156,0.1
5,4,0.1,128,0.8167420814479638,0.696380988019784,0.6153846153846154,0.01
5,4,0.1,128,0.8031674208144797,0.5746515927511402,0.5384615384615384,0.001
5,4,0.1,128,0.8054298642533937,0.5789250970246447,0.5384615384615384,0.0001
5,4,0.1,256,0.8212669683257918,0.6265848068992086,0.5384615384615384,0.1
5,4,0.1,256,0.8235294117647058,0.6591461394530449,0.5384615384615384,0.01
5,4,0.1,256,0.8099547511312217,0.5827808903541221,0.5384615384615384,0.001
5,4,0.1,256,0.8009049773755657,0.5725484103410525,0.5384615384615384,0.0001
5,4,0.1,512,0.8235294117647058,0.6237323248439401,0.46153846153846156,0.1
5,4,0.1,512,0.8190045248868778,0.6536883009463654,0.5384615384615384,0.01
5,4,0.1,512,0.8144796380090498,0.5888523678214805,0.5384615384615384,0.001
5,4,0.1,512,0.8144796380090498,0.5849176424908742,0.5384615384615384,0.0001
5,4,0.3,32,0.7647058823529411,0.5712042343621291,0.46153846153846156,0.1
5,4,0.3,32,0.9321266968325792,0.846494688885993,0.7692307692307693,0.01
5,4,0.3,32,0.8212669683257918,0.61646096593465,0.5384615384615384,0.001
5,4,0.3,32,0.8099547511312217,0.583320701420249,0.5384615384615384,0.0001
5,4,0.3,64,0.8076923076923077,0.5810981236788517,0.5384615384615384,0.1
5,4,0.3,64,0.7986425339366516,0.6525680991999778,0.5384615384615384,0.01
5,4,0.3,64,0.8122171945701357,0.5865342260079103,0.5384615384615384,0.001
5,4,0.3,64,0.8076923076923077,0.5786977076668205,0.5384615384615384,0.0001
5,4,0.3,128,0.8009049773755657,0.5755641176101534,0.5384615384615384,0.1
5,4,0.3,128,0.8031674208144797,0.6455825357438261,0.6153846153846154,0.01
5,4,0.3,128,0.8144796380090498,0.5882753958486275,0.5384615384615384,0.001
5,4,0.3,128,0.8076923076923077,0.5804071093762222,0.5384615384615384,0.0001
5,4,0.3,256,0.8054298642533937,0.5773749563440691,0.5384615384615384,0.1
5,4,0.3,256,0.7941176470588235,0.6262673224211686,0.5384615384615384,0.01
5,4,0.3,256,0.8009049773755657,0.5720396598323019,0.5384615384615384,0.001
5,4,0.3,256,0.8054298642533937,0.5773749563440691,0.5384615384615384,0.0001
5,4,0.3,512,0.8076923076923077,0.5810981236788517,0.5384615384615384,0.1
5,4,0.3,512,0.8574660633484164,0.6986076423576424,0.6153846153846154,0.01
5,4,0.3,512,0.8054298642533937,0.5790843580534708,0.5384615384615384,0.001
5,4,0.3,512,0.8099547511312217,0.580369948469496,0.5384615384615384,0.0001
5,4,0.5,32,0.5339366515837104,0.28505257659633726,0.15384615384615385,0.1
5,4,0.5,32,0.8393665158371041,0.7177926702926702,0.5384615384615384,0.01
5,4,0.5,32,0.8190045248868778,0.6146660941397784,0.5384615384615384,0.001
5,4,0.5,32,0.8031674208144797,0.5748108537799665,0.5384615384615384,0.0001
5,4,0.5,64,0.8054298642533937,0.5757266046957175,0.5384615384615384,0.1
5,4,0.5,64,0.8257918552036199,0.6582790410219559,0.6153846153846154,0.01
5,4,0.5,64,0.8031674208144797,0.5776146790189365,0.5384615384615384,0.001
5,4,0.5,64,0.8076923076923077,0.5786977076668205,0.5384615384615384,0.0001
5,4,0.5,128,0.8280542986425339,0.6318416384804344,0.6153846153846154,0.1
5,4,0.5,128,0.8235294117647058,0.649553395322626,0.6153846153846154,0.01
5,4,0.5,128,0.8054298642533937,0.575136402059479,0.5384615384615384,0.001
5,4,0.5,128,0.8054298642533937,0.5759743440738916,0.5384615384615384,0.0001
5,4,0.5,256,0.8009049773755657,0.5749940039631167,0.5384615384615384,0.1
5,4,0.5,256,0.832579185520362,0.702931317972666,0.6923076923076923,0.01
5,4,0.5,256,0.8099547511312217,0.5818316108007235,0.5384615384615384,0.001
5,4,0.5,256,0.7986425339366516,0.5703746581673003,0.5384615384615384,0.0001
5,4,0.5,512,0.7669683257918551,0.5724789915966387,0.46153846153846156,0.1
5,4,0.5,512,0.8280542986425339,0.6785875888817066,0.6153846153846154,0.01
5,4,0.5,512,0.8076923076923077,0.5811086495514466,0.5384615384615384,0.001
5,4,0.5,512,0.8076923076923077,0.5785384466379941,0.5384615384615384,0.0001
5,4,0.7,32,0.3891402714932127,0.25832031387296894,0.15384615384615385,0.1
5,4,0.7,32,0.7126696832579186,0.5307686905851534,0.38461538461538464,0.01
5,4,0.7,32,0.8167420814479638,0.6119274602246738,0.5384615384615384,0.001
5,4,0.7,32,0.8122171945701357,0.5823942399674717,0.5384615384615384,0.0001
5,4,0.7,64,0.8257918552036199,0.6208354252585022,0.5384615384615384,0.1
5,4,0.7,64,0.8099547511312217,0.6479018097287328,0.5384615384615384,0.01
5,4,0.7,64,0.8076923076923077,0.5814370814370815,0.5384615384615384,0.001
5,4,0.7,64,0.8031674208144797,0.5746515927511402,0.5384615384615384,0.0001
5,4,0.7,128,0.83710407239819,0.6025339111016861,0.5384615384615384,0.1
5,4,0.7,128,0.8393665158371041,0.7081531289223597,0.6153846153846154,0.01
5,4,0.7,128,0.8190045248868778,0.6162234582694941,0.5384615384615384,0.001
5,4,0.7,128,0.8054298642533937,0.5761336051027178,0.5384615384615384,0.0001
5,4,0.7,256,0.7986425339366516,0.5718985102898351,0.46153846153846156,0.1
5,4,0.7,256,0.8552036199095023,0.6986774920985448,0.6153846153846154,0.01
5,4,0.7,256,0.8099547511312216,0.5781154792919498,0.5384615384615384,0.001
5,4,0.7,256,0.8054298642533937,0.5754874399105168,0.5384615384615384,0.0001
5,4,0.7,512,0.8122171945701357,0.5553210436906089,0.5384615384615384,0.1
5,4,0.7,512,0.8619909502262444,0.7214072775197578,0.6153846153846154,0.01
5,4,0.7,512,0.8076923076923077,0.5795691673618095,0.5384615384615384,0.001
5,4,0.7,512,0.8009049773755657,0.571269950239063,0.5384615384615384,0.0001
5,4,1.0,32,0.7873303167420814,0.5124619100706057,0.46153846153846156,0.1
5,4,1.0,32,0.8597285067873303,0.7735437057835068,0.6923076923076923,0.01
5,4,1.0,32,0.8167420814479638,0.6153976742212035,0.5384615384615384,0.001
5,4,1.0,32,0.8054298642533937,0.5751257435685405,0.5384615384615384,0.0001
5,4,1.0,64,0.8009049773755654,0.5755773286843724,0.5384615384615384,0.1
5,4,1.0,64,0.8438914027149322,0.7035222311383857,0.7692307692307693,0.01
5,4,1.0,64,0.8212669683257918,0.6170511685708886,0.5384615384615384,0.001
5,4,1.0,64,0.8076923076923077,0.5804071093762222,0.5384615384615384,0.0001
5,4,1.0,128,0.8031674208144797,0.5731014520705648,0.5384615384615384,0.1
5,4,1.0,128,0.7941176470588236,0.6107136649899808,0.5384615384615384,0.01
5,4,1.0,128,0.8076923076923077,0.5798399615511243,0.5384615384615384,0.001
5,4,1.0,128,0.8099547511312217,0.583320701420249,0.5384615384615384,0.0001
5,4,1.0,256,0.8054298642533937,0.6144847140039449,0.6153846153846154,0.1
5,4,1.0,256,0.8619909502262444,0.7090090216688683,0.6153846153846154,0.01
5,4,1.0,256,0.8054298642533937,0.5813045074884744,0.5384615384615384,0.001
5,4,1.0,256,0.8031674208144797,0.57443588253543,0.5384615384615384,0.0001
5,4,1.0,512,0.8031674208144797,0.5731739510172005,0.46153846153846156,0.1
5,4,1.0,512,0.7941176470588236,0.6372124819016758,0.5384615384615384,0.01
5,4,1.0,512,0.8009049773755657,0.5734200656575442,0.5384615384615384,0.001
5,4,1.0,512,0.8031674208144797,0.5729421910417386,0.5384615384615384,0.0001
10,4,0.1,32,0.581447963800905,0.4818147425104496,0.38461538461538464,0.1
10,4,0.1,32,0.8099547511312217,0.6538254143517301,0.6153846153846154,0.01
10,4,0.1,32,0.8144796380090498,0.5815403310140153,0.5384615384615384,0.001
10,4,0.1,32,0.8054298642533937,0.5772156953152427,0.5384615384615384,0.0001
10,4,0.1,64,0.8212669683257918,0.6288875583106353,0.5384615384615384,0.1
10,4,0.1,64,0.8257918552036199,0.666794243767928,0.5384615384615384,0.01
10,4,0.1,64,0.8099547511312217,0.6089645493077986,0.5384615384615384,0.001
10,4,0.1,64,0.8054298642533937,0.576483094582642,0.5384615384615384,0.0001
10,4,0.1,128,0.8076923076923077,0.5802009865977478,0.5384615384615384,0.1
10,4,0.1,128,0.8552036199095023,0.7271323774264951,0.6923076923076923,0.01
10,4,0.1,128,0.8190045248868778,0.6162234582694941,0.5384615384615384,0.001
10,4,0.1,128,0.8099547511312217,0.580721999164796,0.5384615384615384,0.0001
10,4,0.1,256,0.8031674208144797,0.5761961514887937,0.5384615384615384,0.1
10,4,0.1,256,0.8529411764705882,0.7190519547109826,0.6923076923076923,0.01
10,4,0.1,256,0.8054298642533937,0.581145246459648,0.5384615384615384,0.001
10,4,0.1,256,0.8031674208144797,0.577252856221969,0.5384615384615384,0.0001
10,4,0.1,512,0.8212669683257918,0.6015103935564294,0.5384615384615384,0.1
10,4,0.1,512,0.834841628959276,0.6762459166022514,0.6153846153846154,0.01
10,4,0.1,512,0.8054298642533937,0.5772758589870217,0.5384615384615384,0.001
10,4,0.1,512,0.8076923076923077,0.5804071093762222,0.5384615384615384,0.0001
10,4,0.3,32,0.4457013574660634,0.33490112697063706,0.23076923076923078,0.1
10,4,0.3,32,0.8393665158371041,0.6930307249311773,0.6153846153846154,0.01
10,4,0.3,32,0.8122171945701357,0.6086028591291748,0.5384615384615384,0.001
10,4,0.3,32,0.8054298642533937,0.5768662058353184,0.5384615384615384,0.0001
10,4,0.3,64,0.8031674208144797,0.5752012041703168,0.5384615384615384,0.1
10,4,0.3,64,0.8597285067873304,0.7163302140860162,0.6923076923076923,0.01
10,4,0.3,64,0.8144796380090498,0.5884471799669,0.5384615384615384,0.001
10,4,0.3,64,0.8054298642533937,0.5790843580534708,0.5384615384615384,0.0001
10,4,0.3,128,0.8235294117647058,0.6186125768818076,0.6153846153846154,0.1
10,4,0.3,128,0.8009049773755657,0.6418674800520643,0.5384615384615384,0.01
10,4,0.3,128,0.8076923076923077,0.581549363260526,0.5384615384615384,0.001
10,4,0.3,128,0.8076923076923077,0.5790471971467446,0.5384615384615384,0.0001
10,4,0.3,256,0.8144796380090498,0.5927266986188884,0.6153846153846154,0.1
10,4,0.3,256,0.8484162895927602,0.680880051122966,0.6153846153846154,0.01
10,4,0.3,256,0.8054298642533937,0.5771635771635772,0.5384615384615384,0.001
10,4,0.3,256,0.8054298642533937,0.576483094582642,0.5384615384615384,0.0001
10,4,0.3,512,0.8144796380090498,0.6015011793444287,0.5384615384615384,0.1
10,4,0.3,512,0.8438914027149321,0.6995418676694973,0.6153846153846154,0.01
10,4,0.3,512,0.8099547511312217,0.5798301374033692,0.5384615384615384,0.001
10,4,0.3,512,0.8031674208144797,0.5731014520705648,0.5384615384615384,0.0001
10,4,0.5,32,0.7714932126696833,0.5274836274836274,0.46153846153846156,0.1
10,4,0.5,32,0.8099547511312217,0.6409265847576104,0.5384615384615384,0.01
10,4,0.5,32,0.8122171945701357,0.5855859150595992,0.5384615384615384,0.001
10,4,0.5,32,0.8122171945701357,0.5812546388278705,0.5384615384615384,0.0001
10,4,0.5,64,0.8076923076923077,0.5810981236788517,0.5384615384615384,0.1
10,4,0.5,64,0.8348416289592759,0.6804358141858142,0.6153846153846154,0.01
10,4,0.5,64,0.8122171945701357,0.5866031550459521,0.5384615384615384,0.001
10,4,0.5,64,0.8054298642533937,0.5773749563440691,0.5384615384615384,0.0001
10,4,0.5,128,0.8122171945701357,0.5776897940865553,0.5384615384615384,0.1
10,4,0.5,128,0.834841628959276,0.6832836686724646,0.6153846153846154,0.01
10,4,0.5,128,0.8122171945701357,0.5858830774027974,0.5384615384615384,0.001
10,4,0.5,128,0.8122171945701357,0.5846434527430002,0.5384615384615384,0.0001
10,4,0.5,256,0.8212669683257918,0.6217334133722094,0.6153846153846154,0.1
10,4,0.5,256,0.8529411764705882,0.6908577291784472,0.6153846153846154,0.01
10,4,0.5,256,0.8122171945701356,0.583370072339185,0.5384615384615384,0.001
10,4,0.5,256,0.8076923076923077,0.5790471971467446,0.5384615384615384,0.0001
10,4,0.5,512,0.8076923076923077,0.605589724032521,0.5384615384615384,0.1
10,4,0.5,512,0.8461538461538461,0.6860968439772788,0.5384615384615384,0.01
10,4,0.5,512,0.8099547511312217,0.5798301374033692,0.5384615384615384,0.001
10,4,0.5,512,0.8054298642533937,0.576483094582642,0.5384615384615384,0.0001
10,4,0.7,32,0.7828054298642534,0.563952030156583,0.46153846153846156,0.1
10,4,0.7,32,0.8868778280542986,0.7736180486180486,0.6923076923076923,0.01
10,4,0.7,32,0.8144796380090498,0.5877430172167013,0.5384615384615384,0.001
10,4,0.7,32,0.8122171945701357,0.5853449929182246,0.5384615384615384,0.0001
10,4,0.7,64,0.8076923076923078,0.5785606060606061,0.46153846153846156,0.1
10,4,0.7,64,0.8167420814479638,0.6595615882886661,0.5384615384615384,0.01
10,4,0.7,64,0.8054298642533937,0.5810663555475359,0.5384615384615384,0.001
10,4,0.7,64,0.8031674208144797,0.5769106058797187,0.5384615384615384,0.0001
10,4,0.7,128,0.8009049773755657,0.5730606999837768,0.5384615384615384,0.1
10,4,0.7,128,0.8212669683257918,0.6696117607882313,0.6153846153846154,0.01
10,4,0.7,128,0.8031674208144797,0.5761264336996654,0.5384615384615384,0.001
10,4,0.7,128,0.8122171945701357,0.5823942399674717,0.5384615384615384,0.0001
10,4,0.7,256,0.8054298642533937,0.662291437090802,0.6153846153846154,0.1
10,4,0.7,256,0.8416289592760181,0.7086089535328004,0.6923076923076923,0.01
10,4,0.7,256,0.8122171945701357,0.5846123921856239,0.5384615384615384,0.001
10,4,0.7,256,0.8031674208144797,0.5727264808260283,0.5384615384615384,0.0001
10,4,0.7,512,0.8190045248868778,0.6028292406218827,0.5384615384615384,0.1
10,4,0.7,512,0.8371040723981901,0.7064106583072101,0.6153846153846154,0.01
10,4,0.7,512,0.8122171945701357,0.5869087184284383,0.5384615384615384,0.001
10,4,0.7,512,0.8031674208144797,0.5738151991078413,0.5384615384615384,0.0001
10,4,1.0,32,0.6108597285067874,0.3238766142735255,0.15384615384615385,0.1
10,4,1.0,32,0.7873303167420815,0.625358187134503,0.46153846153846156,0.01
10,4,1.0,32,0.7963800904977376,0.6033502721812978,0.5384615384615384,0.001
10,4,1.0,32,0.8099547511312217,0.5838587859048217,0.5384615384615384,0.0001
10,4,1.0,64,0.8574660633484162,0.6762485629001465,0.6153846153846154,0.1
10,4,1.0,64,0.828054298642534,0.6815542300836419,0.6153846153846154,0.01
10,4,1.0,64,0.8076923076923077,0.5802478483473958,0.5384615384615384,0.001
10,4,1.0,64,0.8031674208144797,0.577252856221969,0.5384615384615384,0.0001
10,4,1.0,128,0.843891402714932,0.6712098118599668,0.5384615384615384,0.1
10,4,1.0,128,0.8710407239819005,0.7162682346892872,0.6153846153846154,0.01
10,4,1.0,128,0.8122171945701357,0.5870438687550315,0.5384615384615384,0.001
10,4,1.0,128,0.8099547511312217,0.5819590626092175,0.5384615384615384,0.0001
10,4,1.0,256,0.8099547511312217,0.5823296507724478,0.5384615384615384,0.1
10,4,1.0,256,0.8303167420814479,0.689381695367316,0.6923076923076923,0.01
10,4,1.0,256,0.8190045248868778,0.5930498236999786,0.5384615384615384,0.001
10,4,1.0,256,0.8009049773755657,0.5727636417327544,0.5384615384615384,0.0001
10,4,1.0,512,0.8122171945701357,0.6056256243756244,0.5384615384615384,0.1
10,4,1.0,512,0.8393665158371041,0.7027567169916669,0.6923076923076923,0.01
10,4,1.0,512,0.8235294117647058,0.6005458025918384,0.5384615384615384,0.001
10,4,1.0,512,0.8031674208144797,0.5731014520705648,0.5384615384615384,0.0001
15,4,0.1,32,0.7647058823529412,0.4977883744685364,0.46153846153846156,0.1
15,4,0.1,32,0.918552036199095,0.8109191533104576,0.6923076923076923,0.01
15,4,0.1,32,0.8099547511312217,0.629035256827899,0.5384615384615384,0.001
15,4,0.1,32,0.8099547511312217,0.5810714886447204,0.5384615384615384,0.0001
15,4,0.1,64,0.8235294117647058,0.62893269369902,0.5384615384615384,0.1
15,4,0.1,64,0.8733031674208144,0.7108464949355637,0.6923076923076923,0.01
15,4,0.1,64,0.8167420814479638,0.5866356630324241,0.5384615384615384,0.001
15,4,0.1,64,0.8009049773755657,0.5729793519484647,0.5384615384615384,0.0001
15,4,0.1,128,0.843891402714932,0.6745483031607833,0.6153846153846154,0.1
15,4,0.1,128,0.834841628959276,0.708453553614844,0.6153846153846154,0.01
15,4,0.1,128,0.8054298642533937,0.6046805567265925,0.5384615384615384,0.001
15,4,0.1,128,0.8031674208144797,0.5746515927511402,0.5384615384615384,0.0001
15,4,0.1,256,0.8144796380090498,0.5981251109683603,0.5384615384615384,0.1
15,4,0.1,256,0.8619909502262444,0.7299931523472714,0.6153846153846154,0.01
15,4,0.1,256,0.8122171945701357,0.5859449676561304,0.5384615384615384,0.001
15,4,0.1,256,0.8054298642533937,0.5785756075447204,0.5384615384615384,0.0001
15,4,0.1,512,0.83710407239819,0.6194570813801583,0.5384615384615384,0.1
15,4,0.1,512,0.8393665158371041,0.6814660232929464,0.5384615384615384,0.01
15,4,0.1,512,0.8144796380090498,0.5867173761910602,0.5384615384615384,0.001
15,4,0.1,512,0.8099547511312217,0.5827808903541221,0.5384615384615384,0.0001
15,4,0.3,32,0.6447963800904978,0.4081617804245863,0.46153846153846156,0.1
15,4,0.3,32,0.8280542986425339,0.6623138978712144,0.6153846153846154,0.01
15,4,0.3,32,0.8212669683257918,0.6195208170940487,0.5384615384615384,0.001
15,4,0.3,32,0.8031674208144797,0.5746515927511402,0.5384615384615384,0.0001
15,4,0.3,64,0.7941176470588236,0.5558393130767916,0.5384615384615384,0.1
15,4,0.3,64,0.8506787330316742,0.706828214520522,0.6923076923076923,0.01
15,4,0.3,64,0.8144796380090498,0.6132061679942538,0.5384615384615384,0.001
15,4,0.3,64,0.8122171945701357,0.5815562979530591,0.5384615384615384,0.0001
15,4,0.3,128,0.8099547511312217,0.5916561930604505,0.5384615384615384,0.1
15,4,0.3,128,0.8416289592760181,0.7088395915825065,0.6153846153846154,0.01
15,4,0.3,128,0.8076923076923077,0.581549363260526,0.5384615384615384,0.001
15,4,0.3,128,0.8076923076923077,0.5785384466379941,0.5384615384615384,0.0001
15,4,0.3,256,0.8122171945701357,0.5891533303298009,0.5384615384615384,0.1
15,4,0.3,256,0.8031674208144797,0.6425510481063261,0.46153846153846156,0.01
15,4,0.3,256,0.8031674208144797,0.5787276971704942,0.5384615384615384,0.001
15,4,0.3,256,0.8099547511312217,0.5828119509114984,0.5384615384615384,0.0001
15,4,0.3,512,0.8031674208144797,0.5751301234996887,0.46153846153846156,0.1
15,4,0.3,512,0.8371040723981901,0.687238189161266,0.6153846153846154,0.01
15,4,0.3,512,0.8031674208144797,0.577252856221969,0.5384615384615384,0.001
15,4,0.3,512,0.8054298642533937,0.5773749563440691,0.5384615384615384,0.0001
15,4,0.5,32,0.6447963800904978,0.5357354036767019,0.38461538461538464,0.1
15,4,0.5,32,0.8484162895927603,0.6848314079083309,0.6153846153846154,0.01
15,4,0.5,32,0.8167420814479638,0.6132415927152768,0.5384615384615384,0.001
15,4,0.5,32,0.8076923076923077,0.5783145964141438,0.5384615384615384,0.0001
15,4,0.5,64,0.8235294117647058,0.6069291329585447,0.5384615384615384,0.1
15,4,0.5,64,0.7579185520361991,0.5683123877128402,0.38461538461538464,0.01
15,4,0.5,64,0.8076923076923077,0.5793992478420449,0.5384615384615384,0.001
15,4,0.5,64,0.8031674208144797,0.5748968026894448,0.5384615384615384,0.0001
15,4,0.5,128,0.6153846153846154,0.4133292318276839,0.38461538461538464,0.1
15,4,0.5,128,0.8642533936651584,0.7201542996047641,0.6153846153846154,0.01
15,4,0.5,128,0.8054298642533937,0.5781677207484488,0.5384615384615384,0.001
15,4,0.5,128,0.8054298642533937,0.5798169587860715,0.5384615384615384,0.0001
15,4,0.5,256,0.8597285067873303,0.6862144878532839,0.6153846153846154,0.1
15,4,0.5,256,0.8167420814479638,0.6884046231586736,0.6153846153846154,0.01
15,4,0.5,256,0.8144796380090498,0.5864200048628019,0.5384615384615384,0.001
15,4,0.5,256,0.8054298642533937,0.5773749563440691,0.5384615384615384,0.0001
15,4,0.5,512,0.7941176470588236,0.5810303507234453,0.46153846153846156,0.1
15,4,0.5,512,0.8574660633484162,0.7064886496409422,0.6923076923076923,0.01
15,4,0.5,512,0.8144796380090498,0.5879259063687032,0.5384615384615384,0.001
15,4,0.5,512,0.8122171945701357,0.5841036416768735,0.5384615384615384,0.0001
15,4,0.7,32,0.8257918552036199,0.6030382645588648,0.5384615384615384,0.1
15,4,0.7,32,0.8823529411764706,0.8221780235893139,0.6923076923076923,0.01
15,4,0.7,32,0.8393665158371042,0.6571564624633678,0.5384615384615384,0.001
15,4,0.7,32,0.8099547511312217,0.5810714886447204,0.5384615384615384,0.0001
15,4,0.7,64,0.8099547511312217,0.5828506081432503,0.5384615384615384,0.1
15,4,0.7,64,0.8054298642533937,0.6411371329357753,0.6153846153846154,0.01
15,4,0.7,64,0.8054298642533937,0.5824810328242822,0.5384615384615384,0.001
15,4,0.7,64,0.8054298642533937,0.5759743440738916,0.5384615384615384,0.0001
15,4,0.7,128,0.7986425339366516,0.5865122243048664,0.5384615384615384,0.1
15,4,0.7,128,0.7714932126696833,0.586860141847354,0.5384615384615384,0.01
15,4,0.7,128,0.8054298642533937,0.5781032692797399,0.5384615384615384,0.001
15,4,0.7,128,0.8031674208144797,0.5748108537799665,0.5384615384615384,0.0001
15,4,0.7,256,0.8235294117647058,0.6109821182401829,0.5384615384615384,0.1
15,4,0.7,256,0.8461538461538461,0.6875977698771817,0.6153846153846154,0.01
15,4,0.7,256,0.8099547511312217,0.5827330599993863,0.5384615384615384,0.001
15,4,0.7,256,0.8054298642533937,0.576483094582642,0.5384615384615384,0.0001
15,4,0.7,512,0.8054298642533937,0.5749100333528303,0.5384615384615384,0.1
15,4,0.7,512,0.8619909502262444,0.7261536107511339,0.6153846153846154,0.01
15,4,0.7,512,0.8122171945701357,0.5871244286441488,0.5384615384615384,0.001
15,4,0.7,512,0.8009049773755657,0.571403729503277,0.5384615384615384,0.0001
15,4,1.0,32,0.7873303167420814,0.6049243567658091,0.5384615384615384,0.1
15,4,1.0,32,0.8393665158371041,0.6588927738927739,0.6153846153846154,0.01
15,4,1.0,32,0.7986425339366516,0.6158303832788958,0.46153846153846156,0.001
15,4,1.0,32,0.8054298642533937,0.5761336051027178,0.5384615384615384,0.0001
15,4,1.0,64,0.8122171945701357,0.588400080038876,0.6153846153846154,0.1
15,4,1.0,64,0.8393665158371041,0.709703247538235,0.6153846153846154,0.01
15,4,1.0,64,0.8099547511312217,0.6095096356936025,0.5384615384615384,0.001
15,4,1.0,64,0.8054298642533937,0.5772156953152427,0.5384615384615384,0.0001
15,4,1.0,128,0.7895927601809954,0.5850838923591752,0.6153846153846154,0.1
15,4,1.0,128,0.8416289592760181,0.7088731915572195,0.6153846153846154,0.01
15,4,1.0,128,0.8144796380090498,0.6127654542851744,0.5384615384615384,0.001
15,4,1.0,128,0.8076923076923077,0.5799202052128474,0.5384615384615384,0.0001
15,4,1.0,256,0.8054298642533937,0.5778607863035832,0.5384615384615384,0.1
15,4,1.0,256,0.8687782805429864,0.7403759722494212,0.6923076923076923,0.01
15,4,1.0,256,0.8076923076923077,0.5810496391491866,0.5384615384615384,0.001
15,4,1.0,256,0.8076923076923077,0.5796966191703035,0.5384615384615384,0.0001
15,4,1.0,512,0.7850678733031674,0.5435290390628511,0.46153846153846156,0.1
15,4,1.0,512,0.8348416289592759,0.7091433516207271,0.6153846153846154,0.01
15,4,1.0,512,0.8076923076923077,0.581549363260526,0.5384615384615384,0.001
15,4,1.0,512,0.8076923076923077,0.5786977076668205,0.5384615384615384,0.0001
20,4,0.1,32,0.8190045248868778,0.7415263156050742,0.6153846153846154,0.1
20,4,0.1,32,0.8642533936651584,0.7360773111279184,0.6153846153846154,0.01
20,4,0.1,32,0.8212669683257918,0.6162045556782398,0.5384615384615384,0.001
20,4,0.1,32,0.8054298642533937,0.5789250970246447,0.5384615384615384,0.0001
20,4,0.1,64,0.8031674208144797,0.576612474931433,0.5384615384615384,0.1
20,4,0.1,64,0.8144796380090498,0.6702374548528394,0.6923076923076923,0.01
20,4,0.1,64,0.8076923076923077,0.581549363260526,0.5384615384615384,0.001
20,4,0.1,64,0.8054298642533937,0.5789250970246447,0.5384615384615384,0.0001
20,4,0.1,128,0.7737556561085972,0.5550036845354571,0.5384615384615384,0.1
20,4,0.1,128,0.8710407239819005,0.7228826360230534,0.6153846153846154,0.01
20,4,0.1,128,0.8099547511312217,0.5864157170658719,0.5384615384615384,0.001
20,4,0.1,128,0.8054298642533937,0.5761336051027178,0.5384615384615384,0.0001
20,4,0.1,256,0.7895927601809954,0.5634230912157333,0.5384615384615384,0.1
20,4,0.1,256,0.8167420814479638,0.6965321715321715,0.6153846153846154,0.01
20,4,0.1,256,0.8122171945701357,0.6093858514318871,0.5384615384615384,0.001
20,4,0.1,256,0.8076923076923077,0.5760964441959917,0.5384615384615384,0.0001
20,4,0.1,512,0.7058823529411764,0.4412489436001542,0.3076923076923077,0.1
20,4,0.1,512,0.8461538461538461,0.6990328874024525,0.6153846153846154,0.01
20,4,0.1,512,0.8054298642533937,0.5785756075447204,0.5384615384615384,0.001
20,4,0.1,512,0.8076923076923077,0.5767979843712161,0.5384615384615384,0.0001
20,4,0.3,32,0.7692307692307692,0.5832633883018992,0.46153846153846156,0.1
20,4,0.3,32,0.8031674208144797,0.6421518621834252,0.5384615384615384,0.01
20,4,0.3,32,0.8235294117647058,0.6184262470303659,0.5384615384615384,0.001
20,4,0.3,32,0.8054298642533937,0.5789250970246447,0.5384615384615384,0.0001
20,4,0.3,64,0.8393665158371041,0.6437522221887957,0.6153846153846154,0.1
20,4,0.3,64,0.8710407239819005,0.7424583343317834,0.6923076923076923,0.01
20,4,0.3,64,0.8190045248868777,0.5900873395610238,0.5384615384615384,0.001
20,4,0.3,64,0.8054298642533937,0.5754874399105168,0.5384615384615384,0.0001
20,4,0.3,128,0.7986425339366516,0.535827334146292,0.5384615384615384,0.1
20,4,0.3,128,0.8438914027149321,0.6947754959972154,0.6923076923076923,0.01
20,4,0.3,128,0.8235294117647058,0.6201153507655055,0.5384615384615384,0.001
20,4,0.3,128,0.8076923076923077,0.5786977076668205,0.5384615384615384,0.0001
20,4,0.3,256,0.8054298642533937,0.57734557677615,0.5384615384615384,0.1
20,4,0.3,256,0.8552036199095023,0.7148407589083633,0.6923076923076923,0.01
20,4,0.3,256,0.8122171945701357,0.5866031550459521,0.5384615384615384,0.001
20,4,0.3,256,0.8031674208144797,0.5729421910417386,0.5384615384615384,0.0001
20,4,0.3,512,0.7986425339366516,0.591152028944671,0.5384615384615384,0.1
20,4,0.3,512,0.8099547511312217,0.6645431789661531,0.6153846153846154,0.01
20,4,0.3,512,0.8257918552036199,0.6319743740204098,0.5384615384615384,0.001
20,4,0.3,512,0.8099547511312217,0.5810714886447204,0.5384615384615384,0.0001
20,4,0.5,32,0.832579185520362,0.6290463561292796,0.5384615384615384,0.1
20,4,0.5,32,0.8438914027149321,0.6697274698873164,0.5384615384615384,0.01
20,4,0.5,32,0.8122171945701356,0.583370072339185,0.5384615384615384,0.001
20,4,0.5,32,0.8076923076923077,0.5773988454983929,0.5384615384615384,0.0001
20,4,0.5,64,0.8099547511312217,0.5819776000771477,0.5384615384615384,0.1
20,4,0.5,64,0.8122171945701357,0.6566901047670277,0.5384615384615384,0.01
20,4,0.5,64,0.8031674208144797,0.5746515927511402,0.5384615384615384,0.001
20,4,0.5,64,0.8054298642533937,0.5790843580534708,0.5384615384615384,0.0001
20,4,0.5,128,0.8054298642533937,0.5781677207484488,0.5384615384615384,0.1
20,4,0.5,128,0.8325791855203619,0.6746694305311853,0.6153846153846154,0.01
20,4,0.5,128,0.8144796380090498,0.5882753958486275,0.5384615384615384,0.001
20,4,0.5,128,0.8076923076923077,0.5802478483473958,0.5384615384615384,0.0001
20,4,0.5,256,0.834841628959276,0.6296844874274024,0.6153846153846154,0.1
20,4,0.5,256,0.7986425339366516,0.6257367575863051,0.5384615384615384,0.01
20,4,0.5,256,0.8054298642533937,0.5813045074884744,0.5384615384615384,0.001
20,4,0.5,256,0.8099547511312217,0.5827330599993863,0.5384615384615384,0.0001
20,4,0.5,512,0.8461538461538461,0.6622358410819948,0.6153846153846154,0.1
20,4,0.5,512,0.8393665158371041,0.684477034403505,0.6153846153846154,0.01
20,4,0.5,512,0.8099547511312217,0.5838587859048217,0.5384615384615384,0.001
20,4,0.5,512,0.8122171945701357,0.5821465005892976,0.5384615384615384,0.0001
20,4,0.7,32,0.7058823529411764,0.43939355014015646,0.5384615384615384,0.1
20,4,0.7,32,0.8371040723981901,0.6778071350469541,0.6153846153846154,0.01
20,4,0.7,32,0.8144796380090498,0.6061190855927698,0.5384615384615384,0.001
20,4,0.7,32,0.8099547511312217,0.5818316108007235,0.5384615384615384,0.0001
20,4,0.7,64,0.7941176470588235,0.564629961844816,0.46153846153846156,0.1
20,4,0.7,64,0.8235294117647058,0.6719547883515493,0.5384615384615384,0.01
20,4,0.7,64,0.8167420814479638,0.6156958572155773,0.5384615384615384,0.001
20,4,0.7,64,0.8054298642533937,0.5759743440738916,0.5384615384615384,0.0001
20,4,0.7,128,0.8054298642533937,0.57734557677615,0.5384615384615384,0.1
20,4,0.7,128,0.8257918552036199,0.7071744264507422,0.5384615384615384,0.01
20,4,0.7,128,0.8031674208144797,0.5748108537799665,0.5384615384615384,0.001
20,4,0.7,128,0.8122171945701357,0.5860168566670114,0.5384615384615384,0.0001
20,4,0.7,256,0.8099547511312217,0.6183838238173014,0.6153846153846154,0.1
20,4,0.7,256,0.8371040723981902,0.7147758450699626,0.6153846153846154,0.01
20,4,0.7,256,0.8190045248868778,0.6161806665239158,0.5384615384615384,0.001
20,4,0.7,256,0.8031674208144797,0.577252856221969,0.5384615384615384,0.0001
20,4,0.7,512,0.8167420814479638,0.6102284637819755,0.5384615384615384,0.1
20,4,0.7,512,0.8416289592760181,0.699374281632346,0.6153846153846154,0.01
20,4,0.7,512,0.8099547511312217,0.5830825494793106,0.5384615384615384,0.001
20,4,0.7,512,0.8076923076923077,0.5790471971467446,0.5384615384615384,0.0001
20,4,1.0,32,0.6266968325791855,0.3895354720809726,0.46153846153846156,0.1
20,4,1.0,32,0.8235294117647058,0.6437806396502048,0.5384615384615384,0.01
20,4,1.0,32,0.8122171945701357,0.6156955487950964,0.5384615384615384,0.001
20,4,1.0,32,0.8076923076923077,0.5785384466379941,0.5384615384615384,0.0001
20,4,1.0,64,0.8009049773755655,0.5962583548193627,0.5384615384615384,0.1
20,4,1.0,64,0.832579185520362,0.6632882012406898,0.5384615384615384,0.01
20,4,1.0,64,0.8167420814479638,0.5913775828973029,0.5384615384615384,0.001
20,4,1.0,64,0.8009049773755657,0.5706797476028245,0.5384615384615384,0.0001
20,4,1.0,128,0.8122171945701359,0.5915832979568394,0.5384615384615384,0.1
20,4,1.0,128,0.8506787330316742,0.698424345568593,0.6153846153846154,0.01
20,4,1.0,128,0.8144796380090498,0.6120639141099498,0.5384615384615384,0.001
20,4,1.0,128,0.8076923076923077,0.5786977076668205,0.5384615384615384,0.0001
20,4,1.0,256,0.7420814479638009,0.4984286123668388,0.38461538461538464,0.1
20,4,1.0,256,0.8190045248868778,0.6584369810292341,0.6153846153846154,0.01
20,4,1.0,256,0.8031674208144797,0.5770182954610925,0.5384615384615384,0.001
20,4,1.0,256,0.8054298642533937,0.5761336051027178,0.5384615384615384,0.0001
20,4,1.0,512,0.8122171945701357,0.5840018915751233,0.5384615384615384,0.1
20,4,1.0,512,0.8484162895927602,0.707346800185869,0.6923076923076923,0.01
20,4,1.0,512,0.8031674208144797,0.5746515927511402,0.5384615384615384,0.001
20,4,1.0,512,0.8099547511312217,0.580721999164796,0.5384615384615384,0.0001
25,4,0.1,32,0.7624434389140271,0.5194017015947963,0.38461538461538464,0.1
25,4,0.1,32,0.8416289592760181,0.7184439683511301,0.6153846153846154,0.01
25,4,0.1,32,0.8076923076923077,0.6091830910835434,0.5384615384615384,0.001
25,4,0.1,32,0.8122171945701357,0.5862325668827217,0.5384615384615384,0.0001
25,4,0.1,64,0.8054298642533937,0.578690536263768,0.5384615384615384,0.1
25,4,0.1,64,0.8054298642533937,0.6129774078690486,0.5384615384615384,0.01
25,4,0.1,64,0.8054298642533937,0.5798771224578505,0.5384615384615384,0.001
25,4,0.1,64,0.8076923076923077,0.5793656671583094,0.5384615384615384,0.0001
25,4,0.1,128,0.8167420814479638,0.6024394999469962,0.46153846153846156,0.1
25,4,0.1,128,0.8212669683257918,0.6647593668054026,0.5384615384615384,0.01
25,4,0.1,128,0.8076923076923077,0.582575004286167,0.5384615384615384,0.001
25,4,0.1,128,0.8076923076923077,0.5793992478420449,0.5384615384615384,0.0001
25,4,0.1,256,0.7873303167420814,0.5004167487139624,0.5384615384615384,0.1
25,4,0.1,256,0.7873303167420814,0.6317517831630735,0.5384615384615384,0.01
25,4,0.1,256,0.8031674208144796,0.5776862549525814,0.5384615384615384,0.001
25,4,0.1,256,0.8076923076923077,0.5816484606175734,0.5384615384615384,0.0001
25,4,0.1,512,0.8122171945701357,0.5847395277667238,0.5384615384615384,0.1
25,4,0.1,512,0.8733031674208145,0.7432008510812859,0.6923076923076923,0.01
25,4,0.1,512,0.8122171945701357,0.6098014706710357,0.5384615384615384,0.001
25,4,0.1,512,0.8009049773755657,0.5746049677120115,0.5384615384615384,0.0001
25,4,0.3,32,0.5339366515837105,0.3640389198078272,0.3076923076923077,0.1
25,4,0.3,32,0.9072398190045249,0.808999333999334,0.7692307692307693,0.01
25,4,0.3,32,0.8076923076923077,0.6050991164949975,0.5384615384615384,0.001
25,4,0.3,32,0.8076923076923077,0.5807565988561465,0.5384615384615384,0.0001
25,4,0.3,64,0.7941176470588236,0.5656018442134595,0.46153846153846156,0.1
25,4,0.3,64,0.828054298642534,0.6822279619186313,0.5384615384615384,0.01
25,4,0.3,64,0.8099547511312217,0.5810714886447204,0.5384615384615384,0.001
25,4,0.3,64,0.8031674208144797,0.5743021032712159,0.5384615384615384,0.0001
25,4,0.3,128,0.7986425339366516,0.5712063296491265,0.5384615384615384,0.1
25,4,0.3,128,0.8371040723981901,0.6790787651829835,0.6153846153846154,0.01
25,4,0.3,128,0.8144796380090498,0.5858298022265633,0.5384615384615384,0.001
25,4,0.3,128,0.8054298642533937,0.5761336051027178,0.5384615384615384,0.0001
25,4,0.3,256,0.7941176470588236,0.5313884591811013,0.5384615384615384,0.1
25,4,0.3,256,0.8348416289592759,0.6931772167038917,0.6923076923076923,0.01
25,4,0.3,256,0.8031674208144797,0.5746037623964044,0.5384615384615384,0.001
25,4,0.3,256,0.8122171945701357,0.5843966819699138,0.5384615384615384,0.0001
25,4,0.3,512,0.7986425339366516,0.5688200688200689,0.5384615384615384,0.1
25,4,0.3,512,0.8438914027149321,0.6745946752737924,0.6153846153846154,0.01
25,4,0.3,512,0.8009049773755657,0.5760213291283729,0.5384615384615384,0.001
25,4,0.3,512,0.8054298642533937,0.5775087356082831,0.5384615384615384,0.0001
25,4,0.5,32,0.5882352941176471,0.3520367070714917,0.23076923076923078,0.1
25,4,0.5,32,0.8009049773755657,0.6282298235216006,0.46153846153846156,0.01
25,4,0.5,32,0.8122171945701357,0.6096875105570758,0.5384615384615384,0.001
25,4,0.5,32,0.8076923076923077,0.5786977076668205,0.5384615384615384,0.0001
25,4,0.5,64,0.8031674208144797,0.5607884188879664,0.5384615384615384,0.1
25,4,0.5,64,0.8552036199095023,0.6752119225803437,0.6153846153846154,0.01
25,4,0.5,64,0.8054298642533937,0.5761336051027178,0.5384615384615384,0.001
25,4,0.5,64,0.8054298642533937,0.576483094582642,0.5384615384615384,0.0001
25,4,0.5,128,0.8031674208144797,0.5755434545125673,0.5384615384615384,0.1
25,4,0.5,128,0.832579185520362,0.6648977001406151,0.6153846153846154,0.01
25,4,0.5,128,0.8099547511312217,0.5808265808265809,0.5384615384615384,0.001
25,4,0.5,128,0.8054298642533937,0.576483094582642,0.5384615384615384,0.0001
25,4,0.5,256,0.8484162895927603,0.7653946053946052,0.6153846153846154,0.1
25,4,0.5,256,0.823529411764706,0.6708536561477736,0.6153846153846154,0.01
25,4,0.5,256,0.8144796380090498,0.6118257621690115,0.5384615384615384,0.001
25,4,0.5,256,0.8031674208144797,0.5717008398003873,0.5384615384615384,0.0001
25,4,0.5,512,0.8235294117647058,0.600312916366428,0.5384615384615384,0.1
25,4,0.5,512,0.8167420814479638,0.6842963681198975,0.6153846153846154,0.01
25,4,0.5,512,0.8099547511312217,0.5836727521155491,0.5384615384615384,0.001
25,4,0.5,512,0.7963800904977376,0.5670408460099587,0.5384615384615384,0.0001
25,4,0.7,32,0.7760180995475113,0.5812063384644031,0.5384615384615384,0.1
25,4,0.7,32,0.9027149321266968,0.7996274380889765,0.7692307692307693,0.01
25,4,0.7,32,0.8235294117647058,0.6265245865245865,0.5384615384615384,0.001
25,4,0.7,32,0.8031674208144797,0.5746515927511402,0.5384615384615384,0.0001
25,4,0.7,64,0.8257918552036199,0.6575690925765887,0.6153846153846154,0.1
25,4,0.7,64,0.8506787330316742,0.7089386512180629,0.6923076923076923,0.01
25,4,0.7,64,0.8122171945701357,0.5871244286441488,0.5384615384615384,0.001
25,4,0.7,64,0.8031674208144797,0.5755434545125673,0.5384615384615384,0.0001
25,4,0.7,128,0.8257918552036199,0.6292794957992158,0.5384615384615384,0.1
25,4,0.7,128,0.8190045248868778,0.6929603239897357,0.5384615384615384,0.01
25,4,0.7,128,0.8190045248868778,0.6156464862966411,0.5384615384615384,0.001
25,4,0.7,128,0.8054298642533937,0.5759743440738916,0.5384615384615384,0.0001
25,4,0.7,256,0.7307692307692308,0.5245263840581567,0.5384615384615384,0.1
25,4,0.7,256,0.7895927601809954,0.6424174930676478,0.5384615384615384,0.01
25,4,0.7,256,0.8009049773755657,0.5749940039631167,0.5384615384615384,0.001
25,4,0.7,256,0.8031674208144797,0.5755434545125673,0.5384615384615384,0.0001
25,4,0.7,512,0.8031674208144797,0.5689087600852306,0.46153846153846156,0.1
25,4,0.7,512,0.82579185520362,0.6728790440328902,0.6153846153846154,0.01
25,4,0.7,512,0.8144796380090498,0.5868217488677847,0.5384615384615384,0.001
25,4,0.7,512,0.8031674208144797,0.5725927015618142,0.5384615384615384,0.0001
25,4,1.0,32,0.8076923076923077,0.6176781551781552,0.5384615384615384,0.1
25,4,1.0,32,0.8257918552036199,0.6545626674514635,0.6153846153846154,0.01
25,4,1.0,32,0.8099547511312217,0.6040363145626304,0.5384615384615384,0.001
25,4,1.0,32,0.8054298642533937,0.5790843580534708,0.5384615384615384,0.0001
25,4,1.0,64,0.8167420814479638,0.5886692176383304,0.5384615384615384,0.1
25,4,1.0,64,0.8190045248868778,0.6752478704091607,0.6153846153846154,0.01
25,4,1.0,64,0.8167420814479638,0.5889798196299745,0.5384615384615384,0.001
25,4,1.0,64,0.8054298642533937,0.5773749563440691,0.5384615384615384,0.0001
25,4,1.0,128,0.8393665158371041,0.657772159402594,0.5384615384615384,0.1
25,4,1.0,128,0.8552036199095023,0.7110875583869709,0.6923076923076923,0.01
25,4,1.0,128,0.8122171945701357,0.5840018915751233,0.5384615384615384,0.001
25,4,1.0,128,0.8076923076923077,0.5804071093762222,0.5384615384615384,0.0001
25,4,1.0,256,0.8076923076923077,0.580305359274472,0.5384615384615384,0.1
25,4,1.0,256,0.8484162895927603,0.700495337995338,0.6153846153846154,0.01
25,4,1.0,256,0.8235294117647058,0.5943926119658436,0.5384615384615384,0.001
25,4,1.0,256,0.8076923076923077,0.5778058459053934,0.5384615384615384,0.0001
25,4,1.0,512,0.7850678733031674,0.5807326462580817,0.46153846153846156,0.1
25,4,1.0,512,0.8257918552036199,0.656620779097857,0.5384615384615384,0.01
25,4,1.0,512,0.8031674208144797,0.5760000868696521,0.5384615384615384,0.001
25,4,1.0,512,0.8099547511312217,0.5810714886447204,0.5384615384615384,0.0001
5,6,0.1,32,0.7760180995475113,0.5648837320744013,0.6153846153846154,0.1
5,6,0.1,32,0.8552036199095023,0.7159331795447947,0.6153846153846154,0.01
5,6,0.1,32,0.8190045248868778,0.6158056952793793,0.5384615384615384,0.001
5,6,0.1,32,0.8054298642533937,0.5790843580534708,0.5384615384615384,0.0001
5,6,0.1,64,0.8122171945701357,0.6132774277005046,0.5384615384615384,0.1
5,6,0.1,64,0.8461538461538461,0.7022670705363012,0.6153846153846154,0.01
5,6,0.1,64,0.8099547511312217,0.6058888739884214,0.5384615384615384,0.001
5,6,0.1,64,0.8054298642533937,0.5761336051027178,0.5384615384615384,0.0001
5,6,0.1,128,0.8031674208144797,0.575251567489046,0.5384615384615384,0.1
5,6,0.1,128,0.8393665158371041,0.6894022402718054,0.6153846153846154,0.01
5,6,0.1,128,0.8054298642533937,0.5795250717625504,0.5384615384615384,0.001
5,6,0.1,128,0.8099547511312217,0.5810714886447204,0.5384615384615384,0.0001
5,6,0.1,256,0.8054298642533937,0.5799486983914954,0.5384615384615384,0.1
5,6,0.1,256,0.8619909502262444,0.7209590139954511,0.6923076923076923,0.01
5,6,0.1,256,0.8235294117647058,0.6270598441058799,0.5384615384615384,0.001
5,6,0.1,256,0.8054298642533937,0.5761336051027178,0.5384615384615384,0.0001
5,6,0.1,512,0.7986425339366516,0.5726469257539695,0.5384615384615384,0.1
5,6,0.1,512,0.8823529411764706,0.7368868604162722,0.6923076923076923,0.01
5,6,0.1,512,0.8167420814479638,0.6144376950878498,0.5384615384615384,0.001
5,6,0.1,512,0.8031674208144797,0.5751125129051551,0.5384615384615384,0.0001
5,6,0.3,32,0.8031674208144797,0.5426514988279695,0.46153846153846156,0.1
5,6,0.3,32,0.8393665158371041,0.6914094686675332,0.6153846153846154,0.01
5,6,0.3,32,0.8280542986425339,0.632586213236368,0.5384615384615384,0.001
5,6,0.3,32,0.8031674208144797,0.5755434545125673,0.5384615384615384,0.0001
5,6,0.3,64,0.5429864253393666,0.2989493521987801,0.23076923076923078,0.1
5,6,0.3,64,0.8665158371040724,0.7214011657152881,0.6153846153846154,0.01
5,6,0.3,64,0.8235294117647058,0.6206923227383585,0.5384615384615384,0.001
5,6,0.3,64,0.8054298642533937,0.5772156953152427,0.5384615384615384,0.0001
5,6,0.3,128,0.7941176470588236,0.5717328611559381,0.5384615384615384,0.1
5,6,0.3,128,0.8122171945701357,0.6956311157416961,0.6153846153846154,0.01
5,6,0.3,128,0.8122171945701357,0.5863089283549641,0.5384615384615384,0.001
5,6,0.3,128,0.8009049773755657,0.5743119274189712,0.5384615384615384,0.0001
5,6,0.3,256,0.8099547511312217,0.5829712119403248,0.5384615384615384,0.1
5,6,0.3,256,0.8031674208144797,0.6602849513482998,0.6153846153846154,0.01
5,6,0.3,256,0.8099547511312217,0.5818411982379594,0.5384615384615384,0.001
5,6,0.3,256,0.8054298642533937,0.576483094582642,0.5384615384615384,0.0001
5,6,0.3,512,0.8393665158371041,0.6161225863655013,0.6153846153846154,0.1
5,6,0.3,512,0.8687782805429864,0.7317899200582858,0.6153846153846154,0.01
5,6,0.3,512,0.8190045248868778,0.6149914334342304,0.5384615384615384,0.001
5,6,0.3,512,0.8099547511312217,0.5810714886447204,0.5384615384615384,0.0001
5,6,0.5,32,0.579185520361991,0.38311149242019843,0.38461538461538464,0.1
5,6,0.5,32,0.8371040723981901,0.7062949242813497,0.6923076923076923,0.01
5,6,0.5,32,0.8280542986425339,0.6279396205128522,0.5384615384615384,0.001
5,6,0.5,32,0.8031674208144797,0.5746515927511402,0.5384615384615384,0.0001
5,6,0.5,64,0.8076923076923077,0.5793992478420449,0.5384615384615384,0.1
5,6,0.5,64,0.8461538461538461,0.7155228618930978,0.6923076923076923,0.01
5,6,0.5,64,0.8099547511312217,0.5858929015505527,0.5384615384615384,0.001
5,6,0.5,64,0.8009049773755657,0.5729793519484647,0.5384615384615384,0.0001
5,6,0.5,128,0.8031674208144797,0.5745621759664334,0.5384615384615384,0.1
5,6,0.5,128,0.8348416289592759,0.6619790426291974,0.5384615384615384,0.01
5,6,0.5,128,0.8054298642533937,0.5759743440738916,0.5384615384615384,0.001
5,6,0.5,128,0.8076923076923077,0.5804071093762222,0.5384615384615384,0.0001
5,6,0.5,256,0.7986425339366516,0.5708108316803968,0.5384615384615384,0.1
5,6,0.5,256,0.8190045248868778,0.6661366170061822,0.6153846153846154,0.01
5,6,0.5,256,0.8144796380090498,0.5880640687142236,0.5384615384615384,0.001
5,6,0.5,256,0.8167420814479638,0.5880922456654774,0.5384615384615384,0.0001
5,6,0.5,512,0.8009049773755657,0.5772202017013821,0.5384615384615384,0.1
5,6,0.5,512,0.8552036199095023,0.7052572185779369,0.6153846153846154,0.01
5,6,0.5,512,0.8212669683257918,0.619153861199897,0.5384615384615384,0.001
5,6,0.5,512,0.8099547511312217,0.5798840571503836,0.5384615384615384,0.0001
5,6,0.7,32,0.667420814479638,0.4564290301132406,0.5384615384615384,0.1
5,6,0.7,32,0.8936651583710407,0.8273773640152948,0.6923076923076923,0.01
5,6,0.7,32,0.8280542986425339,0.6222271520077416,0.5384615384615384,0.001
5,6,0.7,32,0.8167420814479638,0.5862403938136256,0.5384615384615384,0.0001
5,6,0.7,64,0.8076923076923077,0.5798399615511243,0.5384615384615384,0.1
5,6,0.7,64,0.8597285067873304,0.7325975024061742,0.6923076923076923,0.01
5,6,0.7,64,0.8122171945701357,0.5841036416768735,0.5384615384615384,0.001
5,6,0.7,64,0.8122171945701357,0.5823942399674717,0.5384615384615384,0.0001
5,6,0.7,128,0.8076923076923077,0.5810981236788517,0.5384615384615384,0.1
5,6,0.7,128,0.8438914027149321,0.6898235759277942,0.6153846153846154,0.01
5,6,0.7,128,0.8099547511312217,0.5836727521155491,0.5384615384615384,0.001
5,6,0.7,128,0.8099547511312217,0.5810714886447204,0.5384615384615384,0.0001
5,6,0.7,256,0.7895927601809954,0.5629141798372568,0.5384615384615384,0.1
5,6,0.7,256,0.8506787330316743,0.6997408388712736,0.6153846153846154,0.01
5,6,0.7,256,0.8099547511312217,0.584560326080046,0.5384615384615384,0.001
5,6,0.7,256,0.8076923076923077,0.5782916758649077,0.5384615384615384,0.0001
5,6,0.7,512,0.7873303167420814,0.5993673550529737,0.5384615384615384,0.1
5,6,0.7,512,0.8235294117647058,0.6996167454281905,0.6153846153846154,0.01
5,6,0.7,512,0.8099547511312217,0.5827808903541221,0.5384615384615384,0.001
5,6,0.7,512,0.8122171945701357,0.5822802798535116,0.5384615384615384,0.0001
5,6,1.0,32,0.6199095022624435,0.4160924660924661,0.38461538461538464,0.1
5,6,1.0,32,0.8416289592760181,0.6844811642605759,0.5384615384615384,0.01
5,6,1.0,32,0.8235294117647058,0.6189128870124345,0.5384615384615384,0.001
5,6,1.0,32,0.8122171945701357,0.5823942399674717,0.5384615384615384,0.0001
5,6,1.0,64,0.7986425339366516,0.5970859902136199,0.5384615384615384,0.1
5,6,1.0,64,0.8529411764705883,0.7179347839519904,0.6153846153846154,0.01
5,6,1.0,64,0.8144796380090498,0.6127654542851744,0.5384615384615384,0.001
5,6,1.0,64,0.8031674208144797,0.5748108537799665,0.5384615384615384,0.0001
5,6,1.0,128,0.7986425339366516,0.5697916523723803,0.5384615384615384,0.1
5,6,1.0,128,0.834841628959276,0.6961038961038961,0.6153846153846154,0.01
5,6,1.0,128,0.7986425339366516,0.5724299013990142,0.5384615384615384,0.001
5,6,1.0,128,0.8076923076923077,0.5807565988561465,0.5384615384615384,0.0001
5,6,1.0,256,0.7782805429864253,0.4994635232413077,0.46153846153846156,0.1
5,6,1.0,256,0.8438914027149321,0.7215228773019446,0.6923076923076923,0.01
5,6,1.0,256,0.8122171945701357,0.5871244286441488,0.5384615384615384,0.001
5,6,1.0,256,0.8054298642533937,0.5781446659373082,0.5384615384615384,0.0001
5,6,1.0,512,0.8009049773755657,0.5748859232554885,0.5384615384615384,0.1
5,6,1.0,512,0.834841628959276,0.7072547822547821,0.6153846153846154,0.01
5,6,1.0,512,0.8212669683257918,0.6217179637639996,0.5384615384615384,0.001
5,6,1.0,512,0.8099547511312217,0.5824314008741978,0.5384615384615384,0.0001
10,6,0.1,32,0.832579185520362,0.6538448590952703,0.6153846153846154,0.1
10,6,0.1,32,0.8416289592760181,0.7095465444560467,0.6923076923076923,0.01
10,6,0.1,32,0.8212669683257918,0.6206240492281683,0.5384615384615384,0.001
10,6,0.1,32,0.8076923076923077,0.5790471971467446,0.5384615384615384,0.0001
10,6,0.1,64,0.7805429864253394,0.573911117463051,0.5384615384615384,0.1
10,6,0.1,64,0.8257918552036199,0.6694388462526839,0.6153846153846154,0.01
10,6,0.1,64,0.828054298642534,0.641253983300019,0.5384615384615384,0.001
10,6,0.1,64,0.8099547511312217,0.582565180138412,0.5384615384615384,0.0001
10,6,0.1,128,0.7828054298642534,0.5650196258129386,0.5384615384615384,0.1
10,6,0.1,128,0.8597285067873304,0.7092407592407592,0.6153846153846154,0.01
10,6,0.1,128,0.8235294117647058,0.6194341606106311,0.5384615384615384,0.001
10,6,0.1,128,0.8054298642533937,0.5789250970246447,0.5384615384615384,0.0001
10,6,0.1,256,0.7918552036199096,0.5731181318681319,0.5384615384615384,0.1
10,6,0.1,256,0.8393665158371041,0.7030112758560008,0.6923076923076923,0.01
10,6,0.1,256,0.8099547511312217,0.5858944434676752,0.5384615384615384,0.001
10,6,0.1,256,0.8099547511312217,0.5829712119403248,0.5384615384615384,0.0001
10,6,0.1,512,0.8076923076923077,0.5780096591861297,0.5384615384615384,0.1
10,6,0.1,512,0.8484162895927602,0.733353555153953,0.6923076923076923,0.01
10,6,0.1,512,0.8076923076923077,0.5816484606175734,0.5384615384615384,0.001
10,6,0.1,512,0.8031674208144797,0.5748108537799665,0.5384615384615384,0.0001
10,6,0.3,32,0.45475113122171945,0.3901520165023922,0.3076923076923077,0.1
10,6,0.3,32,0.8506787330316742,0.7209001768857974,0.6923076923076923,0.01
10,6,0.3,32,0.8009049773755657,0.6027807136502787,0.5384615384615384,0.001
10,6,0.3,32,0.8031674208144797,0.57443588253543,0.5384615384615384,0.0001
10,6,0.3,64,0.7579185520361991,0.5225488150222898,0.46153846153846156,0.1
10,6,0.3,64,0.8846153846153846,0.7487990892968268,0.6923076923076923,0.01
10,6,0.3,64,0.8144796380090498,0.6127654542851744,0.5384615384615384,0.001
10,6,0.3,64,0.8031674208144797,0.5727264808260283,0.5384615384615384,0.0001
10,6,0.3,128,0.8009049773755655,0.5859215954059964,0.6153846153846154,0.1
10,6,0.3,128,0.8371040723981901,0.7145617802080204,0.6923076923076923,0.01
10,6,0.3,128,0.8054298642533937,0.5789250970246447,0.5384615384615384,0.001
10,6,0.3,128,0.8076923076923077,0.5790471971467446,0.5384615384615384,0.0001
10,6,0.3,256,0.8257918552036199,0.5998092938468904,0.6153846153846154,0.1
10,6,0.3,256,0.8914027149321267,0.7648095494249341,0.6923076923076923,0.01
10,6,0.3,256,0.8099547511312217,0.6095096356936025,0.5384615384615384,0.001
10,6,0.3,256,0.8054298642533937,0.5789250970246447,0.5384615384615384,0.0001
10,6,0.3,512,0.7918552036199096,0.5686692264536067,0.5384615384615384,0.1
10,6,0.3,512,0.8574660633484164,0.7019230769230769,0.6153846153846154,0.01
10,6,0.3,512,0.8031674208144797,0.5756036181843461,0.5384615384615384,0.001
10,6,0.3,512,0.8031674208144797,0.5746515927511402,0.5384615384615384,0.0001
10,6,0.5,32,0.6923076923076923,0.5025047128612428,0.38461538461538464,0.1
10,6,0.5,32,0.8506787330316743,0.7371465849913099,0.6923076923076923,0.01
10,6,0.5,32,0.8212669683257918,0.6170424976926525,0.5384615384615384,0.001
10,6,0.5,32,0.8054298642533937,0.5747736928732404,0.5384615384615384,0.0001
10,6,0.5,64,0.8122171945701357,0.6100324512089219,0.5384615384615384,0.1
10,6,0.5,64,0.8371040723981901,0.7151861074655192,0.6923076923076923,0.01
10,6,0.5,64,0.8167420814479638,0.6144376950878498,0.5384615384615384,0.001
10,6,0.5,64,0.8054298642533937,0.576483094582642,0.5384615384615384,0.0001
10,6,0.5,128,0.8031674208144797,0.5373189417420187,0.5384615384615384,0.1
10,6,0.5,128,0.8529411764705883,0.6887387122681239,0.6153846153846154,0.01
10,6,0.5,128,0.8031674208144797,0.5801550822011181,0.5384615384615384,0.001
10,6,0.5,128,0.8076923076923077,0.5780988861984337,0.5384615384615384,0.0001
10,6,0.5,256,0.8031674208144797,0.5748003279073717,0.5384615384615384,0.1
10,6,0.5,256,0.8461538461538461,0.7322925471963934,0.6923076923076923,0.01
10,6,0.5,256,0.8099547511312217,0.5798301374033692,0.5384615384615384,0.001
10,6,0.5,256,0.8054298642533937,0.5785756075447204,0.5384615384615384,0.0001
10,6,0.5,512,0.7986425339366516,0.5696074815380547,0.5384615384615384,0.1
10,6,0.5,512,0.8416289592760181,0.6953678749606351,0.6153846153846154,0.01
10,6,0.5,512,0.8167420814479638,0.6150146670607028,0.5384615384615384,0.001
10,6,0.5,512,0.8054298642533937,0.576483094582642,0.5384615384615384,0.0001
10,6,0.7,32,0.7873303167420814,0.68002594985184,0.5384615384615384,0.1
10,6,0.7,32,0.8348416289592759,0.7082369677106519,0.6153846153846154,0.01
10,6,0.7,32,0.8190045248868778,0.6214635364635364,0.5384615384615384,0.001
10,6,0.7,32,0.8054298642533937,0.5773749563440691,0.5384615384615384,0.0001
10,6,0.7,64,0.7375565610859729,0.521246326128825,0.46153846153846156,0.1
10,6,0.7,64,0.8371040723981901,0.6936623020536268,0.6153846153846154,0.01
10,6,0.7,64,0.8099547511312217,0.6110524613957107,0.5384615384615384,0.001
10,6,0.7,64,0.8099547511312217,0.5816723497718974,0.5384615384615384,0.0001
10,6,0.7,128,0.8076923076923077,0.5793698682741257,0.5384615384615384,0.1
10,6,0.7,128,0.8099547511312217,0.658986857403129,0.5384615384615384,0.01
10,6,0.7,128,0.8054298642533937,0.5790843580534708,0.5384615384615384,0.001
10,6,0.7,128,0.8054298642533937,0.5761336051027178,0.5384615384615384,0.0001
10,6,0.7,256,0.8144796380090499,0.589979664460845,0.5384615384615384,0.1
10,6,0.7,256,0.8212669683257918,0.6541221598913907,0.6153846153846154,0.01
10,6,0.7,256,0.8144796380090498,0.5864200048628019,0.5384615384615384,0.001
10,6,0.7,256,0.8031674208144797,0.5746515927511402,0.5384615384615384,0.0001
10,6,0.7,512,0.7963800904977376,0.5903671491906786,0.5384615384615384,0.1
10,6,0.7,512,0.8438914027149321,0.6933374655034574,0.6923076923076923,0.01
10,6,0.7,512,0.8122171945701357,0.5853449929182246,0.5384615384615384,0.001
10,6,0.7,512,0.8076923076923077,0.5793992478420449,0.5384615384615384,0.0001
10,6,1.0,32,0.583710407239819,0.48148601351988807,0.46153846153846156,0.1
10,6,1.0,32,0.8552036199095022,0.6979134023870865,0.6923076923076923,0.01
10,6,1.0,32,0.8235294117647058,0.6259659295700486,0.5384615384615384,0.001
10,6,1.0,32,0.8031674208144797,0.5729421910417386,0.5384615384615384,0.0001
10,6,1.0,64,0.7579185520361991,0.5901524662797872,0.46153846153846156,0.1
10,6,1.0,64,0.8235294117647058,0.6323576131557069,0.5384615384615384,0.01
10,6,1.0,64,0.8122171945701357,0.6105030108462604,0.5384615384615384,0.001
10,6,1.0,64,0.8076923076923077,0.5804071093762222,0.5384615384615384,0.0001
10,6,1.0,128,0.8190045248868778,0.5916420811157652,0.5384615384615384,0.1
10,6,1.0,128,0.832579185520362,0.7109927962547326,0.6923076923076923,0.01
10,6,1.0,128,0.8167420814479638,0.6140882056079255,0.5384615384615384,0.001
10,6,1.0,128,0.8054298642533937,0.5771592461283588,0.5384615384615384,0.0001
10,6,1.0,256,0.8484162895927602,0.6575797673082739,0.6153846153846154,0.1
10,6,1.0,256,0.8529411764705883,0.7233738483738483,0.6153846153846154,0.01
10,6,1.0,256,0.8076923076923077,0.5836304581116387,0.5384615384615384,0.001
10,6,1.0,256,0.8031674208144797,0.577252856221969,0.5384615384615384,0.0001
10,6,1.0,512,0.8054298642533937,0.5781677207484488,0.5384615384615384,0.1
10,6,1.0,512,0.8009049773755657,0.6294664117244761,0.5384615384615384,0.01
10,6,1.0,512,0.8099547511312217,0.584208275384746,0.5384615384615384,0.001
10,6,1.0,512,0.8031674208144797,0.5731014520705648,0.5384615384615384,0.0001
15,6,0.1,32,0.7805429864253394,0.5223317970383742,0.5384615384615384,0.1
15,6,0.1,32,0.8190045248868778,0.6521959552306473,0.5384615384615384,0.01
15,6,0.1,32,0.8257918552036199,0.6242631637368479,0.5384615384615384,0.001
15,6,0.1,32,0.8031674208144797,0.5748108537799665,0.5384615384615384,0.0001
15,6,0.1,64,0.7963800904977376,0.5684580562506985,0.5384615384615384,0.1
15,6,0.1,64,0.8574660633484164,0.6903626630300057,0.6153846153846154,0.01
15,6,0.1,64,0.8122171945701357,0.6105254525714883,0.5384615384615384,0.001
15,6,0.1,64,0.8122171945701357,0.5823942399674717,0.5384615384615384,0.0001
15,6,0.1,128,0.7737556561085973,0.5254925984540589,0.46153846153846156,0.1
15,6,0.1,128,0.8122171945701357,0.6655486017250722,0.6153846153846154,0.01
15,6,0.1,128,0.8099547511312217,0.5848619852052346,0.5384615384615384,0.001
15,6,0.1,128,0.8054298642533937,0.5744242033933161,0.5384615384615384,0.0001
15,6,0.1,256,0.7963800904977375,0.5683734214804652,0.5384615384615384,0.1
15,6,0.1,256,0.841628959276018,0.6903823677579333,0.6153846153846154,0.01
15,6,0.1,256,0.8076923076923077,0.5833473364543802,0.5384615384615384,0.001
15,6,0.1,256,0.8076923076923077,0.5785384466379941,0.5384615384615384,0.0001
15,6,0.1,512,0.8506787330316743,0.7154400424137266,0.5384615384615384,0.1
15,6,0.1,512,0.832579185520362,0.6824994641373952,0.6153846153846154,0.01
15,6,0.1,512,0.8076923076923077,0.5833287989864502,0.5384615384615384,0.001
15,6,0.1,512,0.8076923076923077,0.5816484606175734,0.5384615384615384,0.0001
15,6,0.3,32,0.7171945701357467,0.5229351544442535,0.38461538461538464,0.1
15,6,0.3,32,0.8710407239819005,0.713792788408173,0.6923076923076923,0.01
15,6,0.3,32,0.8212669683257918,0.6174779881281429,0.5384615384615384,0.001
15,6,0.3,32,0.8031674208144797,0.5729421910417386,0.5384615384615384,0.0001
15,6,0.3,64,0.8076923076923077,0.5799202052128474,0.5384615384615384,0.1
15,6,0.3,64,0.7986425339366516,0.6531693079459828,0.6923076923076923,0.01
15,6,0.3,64,0.8099547511312217,0.6060481350172477,0.5384615384615384,0.001
15,6,0.3,64,0.8031674208144797,0.5738151991078413,0.5384615384615384,0.0001
15,6,0.3,128,0.8076923076923077,0.5845694315431158,0.5384615384615384,0.1
15,6,0.3,128,0.8619909502262444,0.7096215087594397,0.5384615384615384,0.01
15,6,0.3,128,0.8122171945701357,0.5855310267074973,0.5384615384615384,0.001
15,6,0.3,128,0.8054298642533937,0.5759743440738916,0.5384615384615384,0.0001
15,6,0.3,256,0.8099547511312217,0.585094962959972,0.5384615384615384,0.1
15,6,0.3,256,0.834841628959276,0.7102376593267281,0.6923076923076923,0.01
15,6,0.3,256,0.8144796380090498,0.5873075788272988,0.5384615384615384,0.001
15,6,0.3,256,0.8076923076923077,0.5785384466379941,0.5384615384615384,0.0001
15,6,0.3,512,0.8257918552036199,0.6085663364095859,0.5384615384615384,0.1
15,6,0.3,512,0.8642533936651584,0.7364036256385755,0.6923076923076923,0.01
15,6,0.3,512,0.8122171945701357,0.6107411627871986,0.5384615384615384,0.001
15,6,0.3,512,0.8076923076923077,0.5793992478420449,0.5384615384615384,0.0001
15,6,0.5,32,0.3891402714932127,0.23893329218757942,0.15384615384615385,0.1
15,6,0.5,32,0.8574660633484162,0.7315363068304244,0.6923076923076923,0.01
15,6,0.5,32,0.823529411764706,0.6170429811734159,0.5384615384615384,0.001
15,6,0.5,32,0.8031674208144797,0.5746515927511402,0.5384615384615384,0.0001
15,6,0.5,64,0.8031674208144797,0.5810807852845512,0.6153846153846154,0.1
15,6,0.5,64,0.8393665158371041,0.6839622770392,0.6153846153846154,0.01
15,6,0.5,64,0.8122171945701357,0.6115339271915783,0.5384615384615384,0.001
15,6,0.5,64,0.8122171945701357,0.5812546388278705,0.5384615384615384,0.0001
15,6,0.5,128,0.7941176470588236,0.5660170221934928,0.46153846153846156,0.1
15,6,0.5,128,0.82579185520362,0.6623161706628138,0.6153846153846154,0.01
15,6,0.5,128,0.8144796380090498,0.6118257621690115,0.5384615384615384,0.001
15,6,0.5,128,0.8099547511312217,0.5808786989782466,0.5384615384615384,0.0001
15,6,0.5,256,0.7963800904977376,0.5726732152539432,0.5384615384615384,0.1
15,6,0.5,256,0.8574660633484164,0.7080080346384694,0.6153846153846154,0.01
15,6,0.5,256,0.8099547511312217,0.5836727521155491,0.5384615384615384,0.001
15,6,0.5,256,0.8076923076923077,0.5785073860806178,0.5384615384615384,0.0001
15,6,0.5,512,0.7986425339366516,0.5693181576877229,0.46153846153846156,0.1
15,6,0.5,512,0.8506787330316742,0.7041135084121508,0.6153846153846154,0.01
15,6,0.5,512,0.8122171945701357,0.5862325668827217,0.5384615384615384,0.001
15,6,0.5,512,0.8099547511312217,0.5810714886447204,0.5384615384615384,0.0001
15,6,0.7,32,0.6945701357466063,0.5416353302860959,0.5384615384615384,0.1
15,6,0.7,32,0.834841628959276,0.7016561216561217,0.6153846153846154,0.01
15,6,0.7,32,0.8257918552036199,0.6271936155631808,0.5384615384615384,0.001
15,6,0.7,32,0.8031674208144797,0.5770371460062587,0.5384615384615384,0.0001
15,6,0.7,64,0.8212669683257918,0.6003802109571341,0.5384615384615384,0.1
15,6,0.7,64,0.830316742081448,0.6621204116396424,0.6153846153846154,0.01
15,6,0.7,64,0.8167420814479638,0.6140882056079255,0.5384615384615384,0.001
15,6,0.7,64,0.8054298642533937,0.5773749563440691,0.5384615384615384,0.0001
15,6,0.7,128,0.8144796380090498,0.6149871456373004,0.5384615384615384,0.1
15,6,0.7,128,0.8257918552036199,0.6992382688266501,0.6153846153846154,0.01
15,6,0.7,128,0.8167420814479638,0.6139742454939654,0.5384615384615384,0.001
15,6,0.7,128,0.8099547511312217,0.580721999164796,0.5384615384615384,0.0001
15,6,0.7,256,0.8325791855203619,0.6429203204203204,0.5384615384615384,0.1
15,6,0.7,256,0.8846153846153846,0.7599550273758418,0.7692307692307693,0.01
15,6,0.7,256,0.8144796380090498,0.5883332198529398,0.5384615384615384,0.001
15,6,0.7,256,0.8031674208144797,0.5746515927511402,0.5384615384615384,0.0001
15,6,0.7,512,0.8009049773755657,0.5779345441185109,0.5384615384615384,0.1
15,6,0.7,512,0.8597285067873304,0.7162054896400247,0.6153846153846154,0.01
15,6,0.7,512,0.8122171945701357,0.5862325668827217,0.5384615384615384,0.001
15,6,0.7,512,0.8099547511312217,0.5810714886447204,0.5384615384615384,0.0001
15,6,1.0,32,0.8303167420814479,0.697531528300759,0.6153846153846154,0.1
15,6,1.0,32,0.8393665158371041,0.6796327699760194,0.6153846153846154,0.01
15,6,1.0,32,0.7850678733031674,0.5875819167695597,0.5384615384615384,0.001
15,6,1.0,32,0.8054298642533937,0.5785756075447204,0.5384615384615384,0.0001
15,6,1.0,64,0.8371040723981901,0.6290391169916056,0.5384615384615384,0.1
15,6,1.0,64,0.8642533936651584,0.7149160071954189,0.6153846153846154,0.01
15,6,1.0,64,0.8212669683257917,0.5921301685269296,0.5384615384615384,0.001
15,6,1.0,64,0.8054298642533937,0.576483094582642,0.5384615384615384,0.0001
15,6,1.0,128,0.8054298642533937,0.5741915878032031,0.46153846153846156,0.1
15,6,1.0,128,0.8619909502262444,0.7317828745258887,0.6923076923076923,0.01
15,6,1.0,128,0.8144796380090498,0.6149871456373004,0.5384615384615384,0.001
15,6,1.0,128,0.8167420814479638,0.5853572029304346,0.5384615384615384,0.0001
15,6,1.0,256,0.8031674208144796,0.5776862549525814,0.5384615384615384,0.1
15,6,1.0,256,0.7805429864253394,0.6152595397913123,0.5384615384615384,0.01
15,6,1.0,256,0.8122171945701357,0.6094998115458474,0.5384615384615384,0.001
15,6,1.0,256,0.8054298642533937,0.578042915835558,0.5384615384615384,0.0001
15,6,1.0,512,0.84841628959276,0.6718532962763732,0.5384615384615384,0.1
15,6,1.0,512,0.8597285067873303,0.7129937314147841,0.6923076923076923,0.01
15,6,1.0,512,0.8144796380090498,0.5875553182054729,0.5384615384615384,0.001
15,6,1.0,512,0.8054298642533937,0.5785756075447204,0.5384615384615384,0.0001
20,6,0.1,32,0.7126696832579186,0.473507374317091,0.46153846153846156,0.1
20,6,0.1,32,0.8574660633484164,0.7143496349997898,0.6153846153846154,0.01
20,6,0.1,32,0.8144796380090498,0.6156129576589935,0.5384615384615384,0.001
20,6,0.1,32,0.8054298642533937,0.5790843580534708,0.5384615384615384,0.0001
20,6,0.1,64,0.8054298642533937,0.5799486983914954,0.5384615384615384,0.1
20,6,0.1,64,0.830316742081448,0.6819031806731815,0.6923076923076923,0.01
20,6,0.1,64,0.8212669683257918,0.6225131140328339,0.5384615384615384,0.001
20,6,0.1,64,0.8054298642533937,0.5761336051027178,0.5384615384615384,0.0001
20,6,0.1,128,0.7918552036199095,0.5622551847120737,0.5384615384615384,0.1
20,6,0.1,128,0.8506787330316742,0.6677964785859933,0.6153846153846154,0.01
20,6,0.1,128,0.8099547511312217,0.581241408164485,0.5384615384615384,0.001
20,6,0.1,128,0.8031674208144797,0.575327744296857,0.5384615384615384,0.0001
20,6,0.1,256,0.7918552036199096,0.5593277449046681,0.5384615384615384,0.1
20,6,0.1,256,0.8506787330316742,0.7346272814276793,0.6923076923076923,0.01
20,6,0.1,256,0.8190045248868778,0.6155127070324271,0.5384615384615384,0.001
20,6,0.1,256,0.8054298642533937,0.5751257435685405,0.5384615384615384,0.0001
20,6,0.1,512,0.8280542986425339,0.617779369753054,0.5384615384615384,0.1
20,6,0.1,512,0.8914027149321266,0.7565370931750242,0.6153846153846154,0.01
20,6,0.1,512,0.8144796380090498,0.5875553182054729,0.5384615384615384,0.001
20,6,0.1,512,0.8099547511312217,0.580721999164796,0.5384615384615384,0.0001
20,6,0.3,32,0.8144796380090499,0.6690513809970822,0.6153846153846154,0.1
20,6,0.3,32,0.8574660633484164,0.7000450937950937,0.6153846153846154,0.01
20,6,0.3,32,0.8235294117647058,0.6187686582423424,0.5384615384615384,0.001
20,6,0.3,32,0.8031674208144797,0.5755434545125673,0.5384615384615384,0.0001
20,6,0.3,64,0.8031674208144797,0.5726531262647415,0.46153846153846156,0.1
20,6,0.3,64,0.8891402714932126,0.7457652390344698,0.6153846153846154,0.01
20,6,0.3,64,0.8167420814479638,0.5901194207695755,0.5384615384615384,0.001
20,6,0.3,64,0.8099547511312217,0.5810836955067724,0.5384615384615384,0.0001
20,6,0.3,128,0.8325791855203619,0.6064987300281417,0.5384615384615384,0.1
20,6,0.3,128,0.8325791855203619,0.6842236195177371,0.6153846153846154,0.01
20,6,0.3,128,0.8122171945701357,0.5841036416768735,0.5384615384615384,0.001
20,6,0.3,128,0.8122171945701357,0.5841036416768735,0.5384615384615384,0.0001
20,6,0.3,256,0.8076923076923077,0.581742930272342,0.5384615384615384,0.1
20,6,0.3,256,0.8597285067873304,0.7188113516917866,0.6153846153846154,0.01
20,6,0.3,256,0.8099547511312217,0.5858929015505527,0.5384615384615384,0.001
20,6,0.3,256,0.8031674208144797,0.5717008398003873,0.5384615384615384,0.0001
20,6,0.3,512,0.6040723981900453,0.4176330022483869,0.38461538461538464,0.1
20,6,0.3,512,0.8393665158371041,0.6705283555358517,0.6153846153846154,0.01
20,6,0.3,512,0.8099547511312217,0.5827808903541221,0.5384615384615384,0.001
20,6,0.3,512,0.8144796380090498,0.58493948883625,0.5384615384615384,0.0001
20,6,0.5,32,0.7104072398190046,0.4146438066180862,0.38461538461538464,0.1
20,6,0.5,32,0.8461538461538461,0.7115126731506041,0.6153846153846154,0.01
20,6,0.5,32,0.8212669683257918,0.6267947583144782,0.5384615384615384,0.001
20,6,0.5,32,0.8099547511312217,0.583320701420249,0.5384615384615384,0.0001
20,6,0.5,64,0.4457013574660633,0.2976392656645025,0.3076923076923077,0.1
20,6,0.5,64,0.8144796380090498,0.663658060028296,0.5384615384615384,0.01
20,6,0.5,64,0.8144796380090498,0.6132061679942538,0.5384615384615384,0.001
20,6,0.5,64,0.8054298642533937,0.5790843580534708,0.5384615384615384,0.0001
20,6,0.5,128,0.7262443438914027,0.5789116332385562,0.46153846153846156,0.1
20,6,0.5,128,0.832579185520362,0.6831532746652109,0.6923076923076923,0.01
20,6,0.5,128,0.8167420814479638,0.6180442495639695,0.5384615384615384,0.001
20,6,0.5,128,0.8099547511312217,0.5810714886447204,0.5384615384615384,0.0001
20,6,0.5,256,0.6719457013574661,0.3953159263892302,0.3076923076923077,0.1
20,6,0.5,256,0.8212669683257918,0.6722614316589628,0.6153846153846154,0.01
20,6,0.5,256,0.8122171945701357,0.5875651423532282,0.5384615384615384,0.001
20,6,0.5,256,0.8054298642533937,0.5768351452779422,0.5384615384615384,0.0001
20,6,0.5,512,0.7986425339366516,0.5721363295173529,0.46153846153846156,0.1
20,6,0.5,512,0.8619909502262444,0.7259567236764188,0.6153846153846154,0.01
20,6,0.5,512,0.8190045248868778,0.6137332713065029,0.5384615384615384,0.001
20,6,0.5,512,0.8076923076923077,0.5816484606175734,0.5384615384615384,0.0001
20,6,0.7,32,0.7352941176470589,0.50787878660054,0.38461538461538464,0.1
20,6,0.7,32,0.830316742081448,0.6849657287157287,0.6153846153846154,0.01
20,6,0.7,32,0.8190045248868778,0.6160214054950897,0.5384615384615384,0.001
20,6,0.7,32,0.8009049773755657,0.5731131312126787,0.5384615384615384,0.0001
20,6,0.7,64,0.8371040723981901,0.6430595383024533,0.6153846153846154,0.1
20,6,0.7,64,0.8031674208144797,0.6340151458646933,0.5384615384615384,0.01
20,6,0.7,64,0.8076923076923077,0.6038087463894743,0.5384615384615384,0.001
20,6,0.7,64,0.8054298642533937,0.5772156953152427,0.5384615384615384,0.0001
20,6,0.7,128,0.839366515837104,0.6128588072237957,0.5384615384615384,0.1
20,6,0.7,128,0.8687782805429864,0.7190385398077705,0.6153846153846154,0.01
20,6,0.7,128,0.8144796380090498,0.6105225689653659,0.5384615384615384,0.001
20,6,0.7,128,0.8076923076923077,0.5807565988561465,0.5384615384615384,0.0001
20,6,0.7,256,0.8031674208144797,0.5634396400700749,0.46153846153846156,0.1
20,6,0.7,256,0.8642533936651584,0.7349963014942773,0.6923076923076923,0.01
20,6,0.7,256,0.8167420814479638,0.6139742454939654,0.5384615384615384,0.001
20,6,0.7,256,0.8122171945701357,0.5795452371184688,0.5384615384615384,0.0001
20,6,0.7,512,0.8257918552036199,0.6276341658792968,0.6153846153846154,0.1
20,6,0.7,512,0.8212669683257918,0.6951515009207316,0.6153846153846154,0.01
20,6,0.7,512,0.8099547511312217,0.5864157170658719,0.5384615384615384,0.001
20,6,0.7,512,0.8054298642533937,0.5785756075447204,0.5384615384615384,0.0001
20,6,1.0,32,0.8054298642533937,0.5898545615863102,0.5384615384615384,0.1
20,6,1.0,32,0.8371040723981901,0.6942848469813353,0.6153846153846154,0.01
20,6,1.0,32,0.8122171945701357,0.6099041893778736,0.5384615384615384,0.001
20,6,1.0,32,0.8054298642533937,0.5772156953152427,0.5384615384615384,0.0001
20,6,1.0,64,0.7420814479638009,0.5139756980284567,0.46153846153846156,0.1
20,6,1.0,64,0.8733031674208145,0.7265075736229583,0.6923076923076923,0.01
20,6,1.0,64,0.8076923076923077,0.5802478483473958,0.5384615384615384,0.001
20,6,1.0,64,0.8009049773755657,0.5738784528475656,0.5384615384615384,0.0001
20,6,1.0,128,0.8122171945701357,0.5848748996412261,0.5384615384615384,0.1
20,6,1.0,128,0.8529411764705882,0.7320040685201854,0.6923076923076923,0.01
20,6,1.0,128,0.8099547511312217,0.5858929015505527,0.5384615384615384,0.001
20,6,1.0,128,0.8054298642533937,0.576483094582642,0.5384615384615384,0.0001
20,6,1.0,256,0.8303167420814479,0.6277944277944278,0.5384615384615384,0.1
20,6,1.0,256,0.7963800904977376,0.6382282781321242,0.5384615384615384,0.01
20,6,1.0,256,0.8235294117647058,0.6206923227383585,0.5384615384615384,0.001
20,6,1.0,256,0.8099547511312217,0.5810714886447204,0.5384615384615384,0.0001
20,6,1.0,512,0.8054298642533937,0.5816061666136629,0.5384615384615384,0.1
20,6,1.0,512,0.8529411764705882,0.7265796703296703,0.6153846153846154,0.01
20,6,1.0,512,0.8144796380090498,0.6127654542851744,0.5384615384615384,0.001
20,6,1.0,512,0.8054298642533937,0.5764352642279064,0.5384615384615384,0.0001
25,6,0.1,32,0.7850678733031674,0.5896642005337658,0.5384615384615384,0.1
25,6,0.1,32,0.8529411764705883,0.6975574050333051,0.6153846153846154,0.01
25,6,0.1,32,0.8190045248868778,0.614437643041762,0.5384615384615384,0.001
25,6,0.1,32,0.8076923076923077,0.5793992478420449,0.5384615384615384,0.0001
25,6,0.1,64,0.8303167420814479,0.637287029210106,0.5384615384615384,0.1
25,6,0.1,64,0.8529411764705882,0.70048743363223,0.6923076923076923,0.01
25,6,0.1,64,0.8144796380090498,0.5904955452836311,0.5384615384615384,0.001
25,6,0.1,64,0.8076923076923077,0.5793992478420449,0.5384615384615384,0.0001
25,6,0.1,128,0.8054298642533937,0.5799486983914954,0.5384615384615384,0.1
25,6,0.1,128,0.8438914027149321,0.6954407715541318,0.6923076923076923,0.01
25,6,0.1,128,0.8099547511312217,0.5836727521155491,0.5384615384615384,0.001
25,6,0.1,128,0.8031674208144797,0.5746515927511402,0.5384615384615384,0.0001
25,6,0.1,256,0.7714932126696833,0.6300844120726256,0.46153846153846156,0.1
25,6,0.1,256,0.8122171945701357,0.6456066369527909,0.6153846153846154,0.01
25,6,0.1,256,0.8144796380090498,0.6111720523485229,0.5384615384615384,0.001
25,6,0.1,256,0.8031674208144797,0.5746515927511402,0.5384615384615384,0.0001
25,6,0.1,512,0.8190045248868778,0.6139403106439771,0.5384615384615384,0.1
25,6,0.1,512,0.832579185520362,0.6812370962370962,0.6153846153846154,0.01
25,6,0.1,512,0.8099547511312217,0.5836727521155491,0.5384615384615384,0.001
25,6,0.1,512,0.8076923076923077,0.5786977076668205,0.5384615384615384,0.0001
25,6,0.3,32,0.8325791855203619,0.6078529073265915,0.5384615384615384,0.1
25,6,0.3,32,0.8280542986425339,0.7039037845539393,0.6153846153846154,0.01
25,6,0.3,32,0.8144796380090498,0.6117118020550514,0.5384615384615384,0.001
25,6,0.3,32,0.8076923076923077,0.5790471971467446,0.5384615384615384,0.0001
25,6,0.3,64,0.8190045248868778,0.5915996205687333,0.5384615384615384,0.1
25,6,0.3,64,0.8642533936651584,0.7292716364831751,0.7692307692307693,0.01
25,6,0.3,64,0.8190045248868778,0.6177293597753954,0.5384615384615384,0.001
25,6,0.3,64,0.8076923076923077,0.5807565988561465,0.5384615384615384,0.0001
25,6,0.3,128,0.8076923076923077,0.5834024145788852,0.5384615384615384,0.1
25,6,0.3,128,0.8574660633484164,0.7155250263872097,0.6153846153846154,0.01
25,6,0.3,128,0.8190045248868778,0.6156464862966411,0.5384615384615384,0.001
25,6,0.3,128,0.8099547511312217,0.5810714886447204,0.5384615384615384,0.0001
25,6,0.3,256,0.746606334841629,0.45104133243449046,0.5384615384615384,0.1
25,6,0.3,256,0.8393665158371041,0.6744902740877972,0.5384615384615384,0.01
25,6,0.3,256,0.8144796380090498,0.5884471799669,0.5384615384615384,0.001
25,6,0.3,256,0.8031674208144797,0.5748108537799665,0.5384615384615384,0.0001
25,6,0.3,512,0.8054298642533937,0.5796004574654665,0.5384615384615384,0.1
25,6,0.3,512,0.8122171945701357,0.6713765721458029,0.6153846153846154,0.01
25,6,0.3,512,0.8009049773755657,0.5735793266863705,0.5384615384615384,0.001
25,6,0.3,512,0.8031674208144797,0.576143429250473,0.5384615384615384,0.0001
25,6,0.5,32,0.5701357466063348,0.31437681774296555,0.3076923076923077,0.1
25,6,0.5,32,0.8800904977375565,0.7521978021978022,0.6923076923076923,0.01
25,6,0.5,32,0.8190045248868778,0.6152155446892289,0.5384615384615384,0.001
25,6,0.5,32,0.8122171945701357,0.5841036416768735,0.5384615384615384,0.0001
25,6,0.5,64,0.7760180995475113,0.5994030168258844,0.46153846153846156,0.1
25,6,0.5,64,0.8393665158371041,0.7134069953035469,0.6153846153846154,0.01
25,6,0.5,64,0.8099547511312217,0.5827808903541221,0.5384615384615384,0.001
25,6,0.5,64,0.8099547511312217,0.5810714886447204,0.5384615384615384,0.0001
25,6,0.5,128,0.8212669683257918,0.6291622867355184,0.5384615384615384,0.1
25,6,0.5,128,0.8280542986425339,0.6736336043293056,0.6153846153846154,0.01
25,6,0.5,128,0.8076923076923077,0.5785073860806178,0.5384615384615384,0.001
25,6,0.5,128,0.8167420814479638,0.5901194207695755,0.5384615384615384,0.0001
25,6,0.5,256,0.8280542986425339,0.5748938179210138,0.5384615384615384,0.1
25,6,0.5,256,0.834841628959276,0.7030665224669748,0.5384615384615384,0.01
25,6,0.5,256,0.8076923076923077,0.5807565988561465,0.5384615384615384,0.001
25,6,0.5,256,0.8076923076923077,0.5807565988561465,0.5384615384615384,0.0001
25,6,0.5,512,0.8031674208144797,0.6019693655809808,0.5384615384615384,0.1
25,6,0.5,512,0.8257918552036199,0.6853854196171683,0.6153846153846154,0.01
25,6,0.5,512,0.8099547511312217,0.585371627952356,0.5384615384615384,0.001
25,6,0.5,512,0.8099547511312217,0.5810714886447204,0.5384615384615384,0.0001
25,6,0.7,32,0.5633484162895928,0.3131236192702101,0.23076923076923078,0.1
25,6,0.7,32,0.8416289592760181,0.6770776866752097,0.5384615384615384,0.01
25,6,0.7,32,0.8054298642533937,0.5804073704073704,0.5384615384615384,0.001
25,6,0.7,32,0.8099547511312217,0.5810714886447204,0.5384615384615384,0.0001
25,6,0.7,64,0.7941176470588235,0.5671893277662509,0.46153846153846156,0.1
25,6,0.7,64,0.834841628959276,0.6721416741153583,0.6153846153846154,0.01
25,6,0.7,64,0.8099547511312217,0.6076632190591,0.5384615384615384,0.001
25,6,0.7,64,0.8076923076923077,0.5785073860806178,0.5384615384615384,0.0001
25,6,0.7,128,0.8054298642533937,0.5829116582043004,0.5384615384615384,0.1
25,6,0.7,128,0.8438914027149322,0.6725849320693331,0.6153846153846154,0.01
25,6,0.7,128,0.8167420814479638,0.6150146670607028,0.5384615384615384,0.001
25,6,0.7,128,0.8099547511312217,0.580721999164796,0.5384615384615384,0.0001
25,6,0.7,256,0.8122171945701357,0.5849955034383003,0.5384615384615384,0.1
25,6,0.7,256,0.8190045248868778,0.6543543192781662,0.6153846153846154,0.01
25,6,0.7,256,0.8099547511312217,0.6084787193482846,0.5384615384615384,0.001
25,6,0.7,256,0.8009049773755657,0.5729793519484647,0.5384615384615384,0.0001
25,6,0.7,512,0.7828054298642534,0.5566903312221038,0.5384615384615384,0.1
25,6,0.7,512,0.8552036199095022,0.7288389195585225,0.7692307692307693,0.01
25,6,0.7,512,0.8054298642533937,0.5813045074884744,0.5384615384615384,0.001
25,6,0.7,512,0.8031674208144797,0.5755434545125673,0.5384615384615384,0.0001
25,6,1.0,32,0.7194570135746606,0.4598507048507049,0.46153846153846156,0.1
25,6,1.0,32,0.8619909502262444,0.7161790076769834,0.6153846153846154,0.01
25,6,1.0,32,0.8303167420814479,0.6297037494843389,0.5384615384615384,0.001
25,6,1.0,32,0.8031674208144797,0.5738711616638038,0.5384615384615384,0.0001
25,6,1.0,64,0.6221719457013575,0.36215882270472843,0.38461538461538464,0.1
25,6,1.0,64,0.8642533936651584,0.7495273366983893,0.6923076923076923,0.01
25,6,1.0,64,0.8167420814479638,0.5884992460724778,0.5384615384615384,0.001
25,6,1.0,64,0.8054298642533937,0.5747736928732404,0.5384615384615384,0.0001
25,6,1.0,128,0.7873303167420814,0.5598272617578349,0.5384615384615384,0.1
25,6,1.0,128,0.8348416289592759,0.6635960193652501,0.6153846153846154,0.01
25,6,1.0,128,0.8122171945701357,0.6079017473754316,0.5384615384615384,0.001
25,6,1.0,128,0.8009049773755657,0.5755878545569673,0.5384615384615384,0.0001
25,6,1.0,256,0.7941176470588235,0.5656714176019908,0.5384615384615384,0.1
25,6,1.0,256,0.834841628959276,0.6961941493431263,0.6153846153846154,0.01
25,6,1.0,256,0.8144796380090498,0.6127654542851744,0.5384615384615384,0.001
25,6,1.0,256,0.8076923076923077,0.5793992478420449,0.5384615384615384,0.0001
25,6,1.0,512,0.8868778280542986,0.7482539069997265,0.6923076923076923,0.1
25,6,1.0,512,0.8733031674208145,0.7279584103679126,0.6923076923076923,0.01
25,6,1.0,512,0.8076923076923077,0.5785073860806178,0.5384615384615384,0.001
25,6,1.0,512,0.8009049773755657,0.571269950239063,0.5384615384615384,0.0001
5,8,0.1,32,0.6561085972850679,0.4255246386846311,0.38461538461538464,0.1
5,8,0.1,32,0.8642533936651584,0.7253130856072032,0.6923076923076923,0.01
5,8,0.1,32,0.828054298642534,0.6213297161103056,0.5384615384615384,0.001
5,8,0.1,32,0.8054298642533937,0.5790843580534708,0.5384615384615384,0.0001
5,8,0.1,64,0.8009049773755657,0.5727447911875881,0.5384615384615384,0.1
5,8,0.1,64,0.8438914027149321,0.6580596690890808,0.6153846153846154,0.01
5,8,0.1,64,0.8212669683257918,0.6211409917911466,0.5384615384615384,0.001
5,8,0.1,64,0.8054298642533937,0.5773749563440691,0.5384615384615384,0.0001
5,8,0.1,128,0.8076923076923077,0.5793992478420449,0.5384615384615384,0.1
5,8,0.1,128,0.909502262443439,0.7745240054063582,0.6923076923076923,0.01
5,8,0.1,128,0.8076923076923077,0.5833287989864502,0.5384615384615384,0.001
5,8,0.1,128,0.8031674208144797,0.5751125129051551,0.5384615384615384,0.0001
5,8,0.1,256,0.7986425339366516,0.5871731667164796,0.5384615384615384,0.1
5,8,0.1,256,0.8167420814479638,0.6573917535455998,0.5384615384615384,0.01
5,8,0.1,256,0.8122171945701357,0.5870438687550315,0.5384615384615384,0.001
5,8,0.1,256,0.8099547511312217,0.580721999164796,0.5384615384615384,0.0001
5,8,0.1,512,0.8054298642533937,0.5799486983914954,0.5384615384615384,0.1
5,8,0.1,512,0.8574660633484164,0.7180930180930181,0.6153846153846154,0.01
5,8,0.1,512,0.8190045248868778,0.6253702568899768,0.5384615384615384,0.001
5,8,0.1,512,0.8054298642533937,0.5773749563440691,0.5384615384615384,0.0001
5,8,0.3,32,0.6312217194570136,0.41193621423149956,0.38461538461538464,0.1
5,8,0.3,32,0.8484162895927602,0.7513124612633295,0.6153846153846154,0.01
5,8,0.3,32,0.828054298642534,0.6328541472772242,0.5384615384615384,0.001
5,8,0.3,32,0.8076923076923077,0.5778058459053934,0.5384615384615384,0.0001
5,8,0.3,64,0.8212669683257918,0.6018822680587388,0.5384615384615384,0.1
