Dataset,Best_k,Best_wavelet_degree,AUC,AUPR,f1,lr
wbc.mat,20,6,0.9699388135142324,0.8971115091804747,0.8095238095238095,0.01
